player_id,name,official_squad_name,club,position,sub_position,age,appearances,minutes,goals,assists,goals_per_90,assists_per_90,minutes_per_appearance,market_value,image_url,match_score,match_type,season,data_source
855256.0,Alex Scott,Alex Jay Scott,AFC Bournemouth,Midfield,Central Midfield,23.0,80.0,4621.0,4.0,2.0,0.07790521532135901,0.038952607660679504,57.7625,50000000.0,https://img.a.transfermarkt.technology/portrait/header/855256-1656922605.jpg?lm=1,0.95,first_last,2026/27,Official Premier League squad list
711337.0,Evanilson,Francisco Evanilson De Lima Barbosa,AFC Bournemouth,Attack,Centre-Forward,26.0,67.0,5098.0,16.0,8.0,0.28246371125931735,0.14123185562965868,76.08955223880596,35000000.0,https://img.a.transfermarkt.technology/portrait/header/711337-1737452098.jpg?lm=1,1.0,manual_alias,2026/27,Official Premier League squad list
654539.0,Adrien Truffert,Adrien Lillan Gaetan Truffert,AFC Bournemouth,Defender,Left-Back,24.0,38.0,3380.0,1.0,5.0,0.026627218934911243,0.1331360946745562,88.94736842105263,30000000.0,https://img.a.transfermarkt.technology/portrait/header/654539-1754901329.jpg?lm=1,0.95,first_last,2026/27,Official Premier League squad list
465555.0,Djordje Petrovic,Djorde Petrovic,AFC Bournemouth,Goalkeeper,Goalkeeper,26.0,61.0,5406.0,0.0,0.0,0.0,0.0,88.62295081967213,28000000.0,https://img.a.transfermarkt.technology/portrait/header/465555-1775574265.jpg?lm=1,1.0,exact,2026/27,Official Premier League squad list
650568.0,António Silva,Antonio Joao Pereira De Albuquerque Tavares Da Silva,AFC Bournemouth,Defender,Centre-Back,22.0,0.0,0.0,0.0,0.0,0.0,0.0,0.0,25000000.0,https://img.a.transfermarkt.technology/portrait/header/650568-1700235534.jpg?lm=1,0.95,first_last,2026/27,Official Premier League squad list
463605.0,Bafodé Diakité,Bafode Diakite,AFC Bournemouth,Defender,Centre-Back,25.0,18.0,1275.0,0.0,0.0,0.0,0.0,70.83333333333333,25000000.0,https://img.a.transfermarkt.technology/portrait/header/463605-1666691072.jpg?lm=1,1.0,exact,2026/27,Official Premier League squad list
330659.0,Justin Kluivert,Justin Dean Kluivert,AFC Bournemouth,Midfield,Attacking Midfield,27.0,86.0,5244.0,21.0,7.0,0.36041189931350115,0.12013729977116705,60.97674418604651,25000000.0,https://img.a.transfermarkt.technology/portrait/header/330659-1779893085.jpg?lm=1,0.95,first_last,2026/27,Official Premier League squad list
399434.0,Marcus Tavernier,Marcus Joseph Tavernier,AFC Bournemouth,Midfield,Attacking Midfield,27.0,116.0,8565.0,18.0,18.0,0.18914185639229425,0.18914185639229425,73.83620689655173,25000000.0,https://img.a.transfermarkt.technology/portrait/header/399434-1700650360.jpg?lm=1,0.95,first_last,2026/27,Official Premier League squad list
332705.0,Tyler Adams,Tyler Shaan Adams,AFC Bournemouth,Midfield,Defensive Midfield,27.0,80.0,6019.0,2.0,5.0,0.029905299883701615,0.07476324970925403,75.2375,25000000.0,https://img.a.transfermarkt.technology/portrait/header/332705-1754244571.jpg?lm=1,0.95,first_last,2026/27,Official Premier League squad list
611793.0,James Hill,James Hill,AFC Bournemouth,Defender,Centre-Back,24.0,44.0,2628.0,0.0,4.0,0.0,0.136986301369863,59.72727272727273,23000000.0,https://img.a.transfermarkt.technology/portrait/header/611793-1774469525.jpg?lm=1,1.0,exact,2026/27,Official Premier League squad list
493003.0,Daniel Muñoz,Alvaro Daniel Rodriguez Munoz,AFC Bournemouth,Defender,Right-Back,30.0,82.0,7076.0,8.0,13.0,0.10175240248728094,0.16534765404183155,86.29268292682927,22000000.0,https://img.a.transfermarkt.technology/portrait/header/493003-1718642628.jpg?lm=1,0.8453658536585366,token_match,2026/27,Official Premier League squad list
532776.0,Amine Adli,Amine Adli,AFC Bournemouth,Attack,Left Winger,26.0,31.0,1082.0,3.0,2.0,0.24953789279112754,0.16635859519408502,34.903225806451616,20000000.0,https://img.a.transfermarkt.technology/portrait/header/532776-1689710574.jpg?lm=1,1.0,exact,2026/27,Official Premier League squad list
277033.0,David Brooks,David Robert Brooks,AFC Bournemouth,Attack,Right Winger,29.0,118.0,5382.0,12.0,9.0,0.20066889632107024,0.1505016722408027,45.610169491525426,12000000.0,https://img.a.transfermarkt.technology/portrait/header/277033-1700650102.jpg?lm=1,0.95,first_last,2026/27,Official Premier League squad list
249089.0,Lewis Cook,Lewis John Cook,AFC Bournemouth,Midfield,Central Midfield,29.0,190.0,13094.0,1.0,12.0,0.006873377119291278,0.08248052543149534,68.91578947368421,11000000.0,https://img.a.transfermarkt.technology/portrait/header/249089-1700671190.jpg?lm=1,0.95,first_last,2026/27,Official Premier League squad list
676042.0,Juanlu Sánchez,Juan Luis Sanchez Velasco,AFC Bournemouth,Defender,Right-Back,23.0,0.0,0.0,0.0,0.0,0.0,0.0,0.0,10000000.0,https://img.a.transfermarkt.technology/portrait/header/676042-1695240552.jpg?lm=1,1.0,manual_alias,2026/27,Official Premier League squad list
301238.0,Michele Di Gregorio,Michele Di Gregorio,AFC Bournemouth,Goalkeeper,Goalkeeper,29.0,0.0,0.0,0.0,0.0,0.0,0.0,0.0,10000000.0,https://img.a.transfermarkt.technology/portrait/header/301238-1730125609.jpg?lm=1,1.0,exact,2026/27,Official Premier League squad list
513970.0,Julián Araujo,Julian Vicente Araujo Zuniga,AFC Bournemouth,Defender,Right-Back,25.0,12.0,498.0,0.0,0.0,0.0,0.0,41.5,8000000.0,https://img.a.transfermarkt.technology/portrait/header/513970-1771532648.jpg?lm=1,1.0,manual_alias,2026/27,Official Premier League squad list
188077.0,Ryan Christie,Ryan Christie,AFC Bournemouth,Midfield,Central Midfield,31.0,124.0,7878.0,5.0,9.0,0.05712109672505712,0.10281797410510282,63.53225806451613,8000000.0,https://img.a.transfermarkt.technology/portrait/header/188077-1697450633.jpg?lm=1,1.0,exact,2026/27,Official Premier League squad list
746740.0,Daniel Jebbison,Daniel David Jebbison,AFC Bournemouth,Attack,Centre-Forward,23.0,21.0,409.0,2.0,0.0,0.4400977995110024,0.0,19.476190476190474,6000000.0,https://img.a.transfermarkt.technology/portrait/header/746740-1743015657.jpg?lm=1,0.95,first_last,2026/27,Official Premier League squad list
471690.0,Max Aarons,Maximillian James Aarons,AFC Bournemouth,Defender,Right-Back,26.0,93.0,7441.0,0.0,5.0,0.0,0.060475742507727456,80.01075268817205,2500000.0,https://img.a.transfermarkt.technology/portrait/header/471690-1736520346.jpg?lm=1,0.9682352941176471,fuzzy_strong,2026/27,Official Premier League squad list
854721.0,Ben Winterburn,Benjamin George Winterburn,AFC Bournemouth,Midfield,Defensive Midfield,22.0,5.0,28.0,0.0,0.0,0.0,0.0,5.6,450000.0,https://img.a.transfermarkt.technology/portrait/header/854721-1746642717.jpg?lm=1,1.0,fuzzy_strong,2026/27,Official Premier League squad list
52570.0,Fraser Forster,Fraser Gerard Forster,AFC Bournemouth,Goalkeeper,Goalkeeper,38.0,155.0,13829.0,0.0,0.0,0.0,0.0,89.21935483870968,400000.0,https://img.a.transfermarkt.technology/portrait/header/52570-1676412801.jpg?lm=1,0.95,first_last,2026/27,Official Premier League squad list
61841.0,Adam Smith,Adam James Smith,AFC Bournemouth,Defender,Right-Back,35.0,255.0,19178.0,5.0,15.0,0.023464386275941183,0.07039315882782354,75.2078431372549,300000.0,https://img.a.transfermarkt.technology/portrait/header/61841-1737920848.jpg?lm=1,1.0,exact,2026/27,Official Premier League squad list
357662.0,Declan Rice,Declan Rice,Arsenal,Midfield,Central Midfield,27.0,313.0,26342.0,25.0,33.0,0.08541492673297396,0.11274770328752562,84.15974440894568,120000000.0,https://img.a.transfermarkt.technology/portrait/header/357662-1687962936.jpg?lm=1,1.0,exact,2026/27,Official Premier League squad list
433177.0,Bukayo Saka,Bukayo Saka,Arsenal,Attack,Right Winger,25.0,226.0,17407.0,60.0,54.0,0.3102200264261504,0.27919802378353537,77.02212389380531,110000000.0,https://img.a.transfermarkt.technology/portrait/header/433177-1684155052.jpg?lm=1,1.0,exact,2026/27,Official Premier League squad list
495666.0,William Saliba,William Saliba,Arsenal,Defender,Centre-Back,25.0,131.0,11492.0,7.0,2.0,0.05482074486599373,0.015663069961712496,87.72519083969466,100000000.0,https://img.a.transfermarkt.technology/portrait/header/495666-1718697201.jpg?lm=1,1.0,exact,2026/27,Official Premier League squad list
423440.0,Martín Zubimendi,Martin Zubimendi Ibanez,Arsenal,Midfield,Defensive Midfield,27.0,38.0,3002.0,5.0,1.0,0.14990006662225183,0.029980013324450366,79.0,75000000.0,https://img.a.transfermarkt.technology/portrait/header/423440-1684149419.jpg?lm=1,1.0,manual_alias,2026/27,Official Premier League squad list
420243.0,Jurriën Timber,Jurrien Timber,Arsenal,Defender,Right-Back,25.0,62.0,4951.0,4.0,9.0,0.07271258331650171,0.16360331246212886,79.85483870967742,70000000.0,https://img.a.transfermarkt.technology/portrait/header/420243-1702413077.jpg?lm=1,1.0,exact,2026/27,Official Premier League squad list
479999.0,Eberechi Eze,Eberechi Oluchi Eze,Arsenal,Midfield,Attacking Midfield,28.0,179.0,12379.0,41.0,25.0,0.29808546732369334,0.181759431294935,69.15642458100558,65000000.0,https://img.a.transfermarkt.technology/portrait/header/479999-1761083931.jpg?lm=1,0.95,first_last,2026/27,Official Premier League squad list
316264.0,Martin Ødegaard,Martin Odegaard,Arsenal,Midfield,Attacking Midfield,27.0,176.0,13616.0,35.0,39.0,0.2313454759106933,0.2577849588719154,77.36363636363636,65000000.0,https://img.a.transfermarkt.technology/portrait/header/316264-1782847069.jpg?lm=1,1.0,exact,2026/27,Official Premier League squad list
325443.0,Viktor Gyökeres,Viktor Einar Gyokeres,Arsenal,Attack,Centre-Forward,28.0,36.0,2231.0,14.0,1.0,0.5647691618108471,0.04034065441506051,61.97222222222222,65000000.0,https://img.a.transfermarkt.technology/portrait/header/325443-1737581896.jpg?lm=1,0.95,first_last,2026/27,Official Premier League squad list
309400.0,Kai Havertz,Kai Havertz,Arsenal,Attack,Centre-Forward,27.0,163.0,11008.0,43.0,23.0,0.3515625,0.18804505813953487,67.53374233128834,55000000.0,https://img.a.transfermarkt.technology/portrait/header/309400-1782889722.jpg?lm=1,1.0,exact,2026/27,Official Premier League squad list
502821.0,Riccardo Calafiori,Riccardo Calafiori,Arsenal,Defender,Left-Back,24.0,45.0,2693.0,3.0,3.0,0.10025993316004456,0.10025993316004456,59.84444444444444,55000000.0,https://img.a.transfermarkt.technology/portrait/header/502821-1727382174.jpg?lm=1,1.0,exact,2026/27,Official Premier League squad list
503987.0,Noni Madueke,Chukwunonso Azuka Tristan Madueke,Arsenal,Attack,Right Winger,24.0,93.0,4963.0,16.0,7.0,0.2901470884545638,0.12693935119887165,53.365591397849464,50000000.0,https://img.a.transfermarkt.technology/portrait/header/503987-1683102348.jpg?lm=1,1.0,manual_alias,2026/27,Official Premier League squad list
659813.0,Piero Hincapié,Piero Martin Hincapie Reyna,Arsenal,Defender,Centre-Back,24.0,25.0,1792.0,1.0,2.0,0.05022321428571428,0.10044642857142856,71.68,50000000.0,https://img.a.transfermarkt.technology/portrait/header/659813-1727377918.jpg?lm=1,1.0,manual_alias,2026/27,Official Premier League squad list
451677.0,Christos Tzolis,Christos Tzolis,Arsenal,Attack,Left Winger,24.0,14.0,328.0,0.0,0.0,0.0,0.0,23.428571428571427,40000000.0,https://img.a.transfermarkt.technology/portrait/header/451677-1754510866.jpg?lm=1,1.0,exact,2026/27,Official Premier League squad list
646750.0,Cristhian Mosquera,Cristhian Andrey Mosquera Ibargüen,Arsenal,Defender,Centre-Back,22.0,20.0,989.0,0.0,0.0,0.0,0.0,49.45,40000000.0,https://img.a.transfermarkt.technology/portrait/header/646750-1749739359.jpg?lm=1,1.0,manual_alias,2026/27,Official Premier League squad list
413403.0,Ezri Konsa,Ezri Konsa,Arsenal,Defender,Centre-Back,28.0,231.0,20088.0,8.0,2.0,0.035842293906810034,0.008960573476702509,86.96103896103897,40000000.0,https://img.a.transfermarkt.technology/portrait/header/413403-1700651779.jpg?lm=1,1.0,exact,2026/27,Official Premier League squad list
335721.0,Ben White,Benjamin White,Arsenal,Defender,Right-Back,28.0,172.0,14040.0,6.0,12.0,0.038461538461538464,0.07692307692307693,81.62790697674419,30000000.0,https://img.a.transfermarkt.technology/portrait/header/335721-1683275943.jpg?lm=1,1.0,fuzzy_strong,2026/27,Official Premier League squad list
338424.0,Mikel Merino,Mikel Merino Zazon,Arsenal,Midfield,Central Midfield,30.0,74.0,3951.0,12.0,6.0,0.2733485193621868,0.1366742596810934,53.391891891891895,25000000.0,https://img.a.transfermarkt.technology/portrait/header/338424-1716803831.jpg?lm=1,1.0,fuzzy_strong,2026/27,Official Premier League squad list
542586.0,Illan Meslier,Illan Meslier,Arsenal,Goalkeeper,Goalkeeper,26.0,107.0,9595.0,0.0,0.0,0.0,0.0,89.67289719626169,8000000.0,https://img.a.transfermarkt.technology/portrait/header/542586-1677685317.jpg?lm=1,1.0,exact,2026/27,Official Premier League squad list
192279.0,Kepa Arrizabalaga,Kepa Arrizabalaga Revuelta,Arsenal,Goalkeeper,Goalkeeper,31.0,141.0,12600.0,0.0,0.0,0.0,0.0,89.36170212765957,5000000.0,https://img.a.transfermarkt.technology/portrait/header/192279-1661855851.jpg?lm=1,1.0,manual_alias,2026/27,Official Premier League squad list
79242.0,Gabriel,Gabriel Dos Santos Magalhaes,Arsenal,Goalkeeper,Goalkeeper,33.0,0.0,0.0,0.0,0.0,0.0,0.0,0.0,450000.0,https://img.a.transfermarkt.technology/portrait/header/79242-1633101492.jpg?lm=1,1.0,exact,2026/27,Official Premier League squad list
290780.0,Bruno Moura,Bruno Guimaraes Rodriguez Moura,Arsenal,Defender,Right-Back,34.0,0.0,0.0,0.0,0.0,0.0,0.0,0.0,125000.0,https://img.a.transfermarkt.technology/portrait/header/290780-1675128300.jpg?lm=1,0.95,first_last,2026/27,Official Premier League squad list
15930.0,David Martin,David Raya Martin,Arsenal,Goalkeeper,Goalkeeper,40.0,5.0,435.0,0.0,0.0,0.0,0.0,87.0,75000.0,https://img.a.transfermarkt.technology/portrait/header/15930-1560936786.png?lm=1,0.95,first_last,2026/27,Official Premier League squad list
485706.0,Amadou Onana,Amadou Ba Z Mvom Onana,Aston Villa,Midfield,Defensive Midfield,25.0,114.0,7974.0,8.0,2.0,0.09029345372460496,0.02257336343115124,69.94736842105263,45000000.0,https://img.a.transfermarkt.technology/portrait/header/485706-1718697649.jpg?lm=1,0.95,first_last,2026/27,Official Premier League squad list
394327.0,Boubacar Kamara,Boubacar Bernard Kamara,Aston Villa,Midfield,Defensive Midfield,26.0,88.0,6588.0,2.0,5.0,0.027322404371584702,0.06830601092896174,74.86363636363636,40000000.0,https://img.a.transfermarkt.technology/portrait/header/394327-1736160460.jpg?lm=1,0.95,first_last,2026/27,Official Premier League squad list
776890.0,Nicolas Jackson,Nicolas Jackson,Aston Villa,Attack,Centre-Forward,25.0,65.0,5050.0,24.0,10.0,0.4277227722772277,0.1782178217821782,77.6923076923077,40000000.0,https://img.a.transfermarkt.technology/portrait/header/776890-1757939139.jpg?lm=1,1.0,exact,2026/27,Official Premier League squad list
485585.0,Ian Maatsen,Ian Ethan Maatsen,Aston Villa,Defender,Left-Back,24.0,71.0,2927.0,1.0,4.0,0.030748206354629312,0.12299282541851725,41.225352112676056,30000000.0,https://img.a.transfermarkt.technology/portrait/header/485585-1704795222.jpg?lm=1,0.95,first_last,2026/27,Official Premier League squad list
811779.0,Alejandro Garnacho,Alejandro Garnacho Ferreyra,Aston Villa,Attack,Left Winger,22.0,117.0,6613.0,17.0,12.0,0.2313624678663239,0.16331468319975806,56.52136752136752,28000000.0,https://img.a.transfermarkt.technology/portrait/header/811779-1703629085.jpg?lm=1,1.0,manual_alias,2026/27,Official Premier League squad list
616631.0,Matteo Ruggeri,Matteo Ruggeri,Aston Villa,Defender,Left-Back,24.0,0.0,0.0,0.0,0.0,0.0,0.0,0.0,28000000.0,https://img.a.transfermarkt.technology/portrait/header/616631-1742497680.jpg?lm=1,1.0,exact,2026/27,Official Premier League squad list
425334.0,Matty Cash,Matthew Stuart Cash,Aston Villa,Defender,Right-Back,29.0,183.0,14821.0,10.0,12.0,0.06072464745968558,0.07286957695162269,80.98907103825137,22000000.0,https://img.a.transfermarkt.technology/portrait/header/425334-1668091733.jpg?lm=1,1.0,manual_alias,2026/27,Official Premier League squad list
399776.0,Pau Torres,Pau Francisco Torres,Aston Villa,Defender,Centre-Back,29.0,74.0,6159.0,2.0,0.0,0.02922552362396493,0.0,83.22972972972973,20000000.0,https://img.a.transfermarkt.technology/portrait/header/399776-1765899002.jpg?lm=1,0.95,first_last,2026/27,Official Premier League squad list
503977.0,Taylor Harwood-Bellis,Taylor Jay Harwood-Bellis,Aston Villa,Defender,Centre-Back,24.0,34.0,2828.0,1.0,0.0,0.03182461103253183,0.0,83.17647058823529,20000000.0,https://img.a.transfermarkt.technology/portrait/header/503977-1687975943.jpg?lm=1,0.95,first_last,2026/27,Official Premier League squad list
432298.0,Zion Suzuki,Zion Suzuki,Aston Villa,Goalkeeper,Goalkeeper,24.0,0.0,0.0,0.0,0.0,0.0,0.0,0.0,20000000.0,https://img.a.transfermarkt.technology/portrait/header/432298-1780323348.jpg?lm=1,1.0,exact,2026/27,Official Premier League squad list
645686.0,Lamare Bogarde,Lamare Trenton Chansey Bogarde,Aston Villa,Midfield,Defensive Midfield,22.0,36.0,1523.0,0.0,0.0,0.0,0.0,42.30555555555556,18000000.0,https://img.a.transfermarkt.technology/portrait/header/645686-1724484880.jpg?lm=1,0.95,first_last,2026/27,Official Premier League squad list
331726.0,Tammy Abraham,Kevin Oghenetega Tamaraebi Bakumo-Abraham,Aston Villa,Attack,Centre-Forward,28.0,101.0,5306.0,28.0,8.0,0.47493403693931396,0.1356954391255183,52.53465346534654,18000000.0,https://img.a.transfermarkt.technology/portrait/header/331726-1761563884.jpg?lm=1,1.0,manual_alias,2026/27,Official Premier League squad list
321247.0,Emiliano Buendía,Emiliano Buendia Stati,Aston Villa,Attack,Left Winger,29.0,157.0,8635.0,16.0,17.0,0.1667631731325999,0.17718587145338735,55.0,16000000.0,https://img.a.transfermarkt.technology/portrait/header/321247-1696604099.jpg?lm=1,1.0,fuzzy_strong,2026/27,Official Premier League squad list
477758.0,Aaron Wan-Bissaka,Aaron Wan-Bissaka,Aston Villa,Defender,Right-Back,28.0,233.0,20146.0,4.0,21.0,0.017869552268440385,0.09381514940931202,86.46351931330472,15000000.0,https://img.a.transfermarkt.technology/portrait/header/477758-1769112496.jpg?lm=1,1.0,exact,2026/27,Official Premier League squad list
193116.0,John McGinn,John McGinn,Aston Villa,Midfield,Central Midfield,31.0,233.0,18837.0,22.0,29.0,0.1051122790253225,0.1385570950788342,80.84549356223177,13000000.0,https://img.a.transfermarkt.technology/portrait/header/193116-1689172405.jpg?lm=1,1.0,exact,2026/27,Official Premier League squad list
153084.0,Leon Goretzka,Leon Christop Goretzka,Aston Villa,Midfield,Central Midfield,31.0,0.0,0.0,0.0,0.0,0.0,0.0,0.0,12000000.0,https://img.a.transfermarkt.technology/portrait/header/153084-1700040179.jpg?lm=1,0.95,first_last,2026/27,Official Premier League squad list
184573.0,Victor Lindelöf,Victor Jorgen Nilsson Lindelof,Aston Villa,Defender,Centre-Back,32.0,211.0,16252.0,4.0,6.0,0.022151119862170807,0.03322667979325621,77.02369668246446,5000000.0,https://img.a.transfermarkt.technology/portrait/header/184573-1695244778.jpg?lm=1,0.95,first_last,2026/27,Official Premier League squad list
131978.0,Ross Barkley,Ross Barkley,Aston Villa,Midfield,Central Midfield,32.0,299.0,18719.0,40.0,37.0,0.19231796570329612,0.1778941182755489,62.60535117056856,4000000.0,https://img.a.transfermarkt.technology/portrait/header/131978-1662368517.jpg?lm=1,1.0,exact,2026/27,Official Premier League squad list
253677.0,Tyrone Mings,Tyrone Deon Mings,Aston Villa,Defender,Centre-Back,33.0,189.0,15772.0,6.0,10.0,0.03423788993152422,0.057063149885873694,83.44973544973546,3000000.0,https://img.a.transfermarkt.technology/portrait/header/253677-1746644991.jpg?lm=1,0.95,first_last,2026/27,Official Premier League squad list
124884.0,Marco Bizot,Marco Bizot,Aston Villa,Goalkeeper,Goalkeeper,35.0,7.0,585.0,0.0,0.0,0.0,0.0,83.57142857142857,1500000.0,https://img.a.transfermarkt.technology/portrait/header/124884-1707302509.jpg?lm=1,1.0,exact,2026/27,Official Premier League squad list
712181.0,James Wright,James Thomas Wright,Aston Villa,Goalkeeper,Goalkeeper,21.0,0.0,0.0,0.0,0.0,0.0,0.0,0.0,200000.0,https://img.a.transfermarkt.technology/portrait/header/712181-1732137750.jpg?lm=1,0.95,first_last,2026/27,Official Premier League squad list
343488.0,João Gomes,Joao Victor Gomes Da Silva,Aston Villa,Goalkeeper,Goalkeeper,29.0,0.0,0.0,0.0,0.0,0.0,0.0,0.0,25000.0,https://img.a.transfermarkt.technology/portrait/header/343488-1446645700.jpg?lm=1,1.0,exact,2026/27,Official Premier League squad list
739443.0,Igor Thiago,Igor Thiago Nascimento Rodrigues,Brentford,Attack,Centre-Forward,25.0,46.0,3456.0,22.0,1.0,0.5729166666666666,0.026041666666666664,75.1304347826087,65000000.0,https://img.a.transfermarkt.technology/portrait/header/739443-1770372295.jpg?lm=1,1.0,manual_alias,2026/27,Official Premier League squad list
808348.0,Mamadou Sangaré,Mamadou Sangare,Brentford,Midfield,Central Midfield,24.0,0.0,0.0,0.0,0.0,0.0,0.0,0.0,40000000.0,https://img.a.transfermarkt.technology/portrait/header/808348-1726049980.jpg?lm=1,1.0,exact,2026/27,Official Premier League squad list
823486.0,Michael Kayode,Michael Olabode Kayode,Brentford,Defender,Right-Back,22.0,49.0,3792.0,1.0,2.0,0.02373417721518987,0.04746835443037974,77.38775510204081,40000000.0,https://img.a.transfermarkt.technology/portrait/header/823486-1725531169.jpg?lm=1,0.95,first_last,2026/27,Official Premier League squad list
823231.0,Dango Ouattara,Dango Aboubacar Faissal Ouattara,Brentford,Attack,Right Winger,24.0,113.0,6758.0,16.0,17.0,0.21308079313406333,0.2263983427049423,59.80530973451327,35000000.0,https://img.a.transfermarkt.technology/portrait/header/823231-1737452292.jpg?lm=1,0.95,first_last,2026/27,Official Premier League squad list
473050.0,Kevin Schade,Kevin Schade,Brentford,Attack,Left Winger,24.0,102.0,6118.0,21.0,8.0,0.30892448512585813,0.11768551814318405,59.98039215686274,35000000.0,https://img.a.transfermarkt.technology/portrait/header/473050-1700560328.jpg?lm=1,1.0,exact,2026/27,Official Premier League squad list
541231.0,Sepp van den Berg,Sepp Van Den Berg,Brentford,Defender,Centre-Back,24.0,63.0,5349.0,0.0,3.0,0.0,0.050476724621424565,84.9047619047619,32000000.0,https://img.a.transfermarkt.technology/portrait/header/541231-1692000386.jpg?lm=1,1.0,exact,2026/27,Official Premier League squad list
717411.0,Yegor Yarmolyuk,Yehor Yarmoliuk,Brentford,Midfield,Central Midfield,22.0,95.0,4784.0,1.0,2.0,0.018812709030100336,0.03762541806020067,50.357894736842105,32000000.0,https://img.a.transfermarkt.technology/portrait/header/717411-1740606151.jpg?lm=1,1.0,manual_alias,2026/27,Official Premier League squad list
540941.0,Mikkel Damsgaard,Mikkel Krogh Damsgaard,Brentford,Midfield,Attacking Midfield,26.0,120.0,6803.0,6.0,17.0,0.07937674555343231,0.2249007790680582,56.69166666666667,30000000.0,https://img.a.transfermarkt.technology/portrait/header/540941-1668183899.jpg?lm=1,0.95,first_last,2026/27,Official Premier League squad list
469050.0,Nathan Collins,Nathan Collins,Brentford,Defender,Centre-Back,25.0,150.0,12524.0,6.0,8.0,0.04311721494730118,0.05748961992973491,83.49333333333334,30000000.0,https://img.a.transfermarkt.technology/portrait/header/469050-1688381729.jpg?lm=1,1.0,exact,2026/27,Official Premier League squad list
340918.0,Caoimhín Kelleher,Caoimhin Odhran Kelleher,Brentford,Goalkeeper,Goalkeeper,27.0,62.0,5580.0,0.0,0.0,0.0,0.0,90.0,28000000.0,https://img.a.transfermarkt.technology/portrait/header/340918-1708933663.jpg?lm=1,0.95,first_last,2026/27,Official Premier League squad list
1111589.0,El Hadji Malick Diouf,El Hadji Malick Diouf,Brentford,Defender,Left-Back,21.0,32.0,2711.0,0.0,5.0,0.0,0.16599040944300997,84.71875,28000000.0,https://img.a.transfermarkt.technology/portrait/header/1111589-1768815059.jpg?lm=1,1.0,exact,2026/27,Official Premier League squad list
644401.0,Keane Lewis-Potter,Keane William Lewis-Potter,Brentford,Midfield,Left Midfield,25.0,114.0,6827.0,7.0,9.0,0.0922806503588692,0.11864655046140325,59.8859649122807,25000000.0,https://img.a.transfermarkt.technology/portrait/header/644401-1767003558.jpg?lm=1,0.95,first_last,2026/27,Official Premier League squad list
684210.0,Jaidon Anthony,Jaidon Kya Denley Anthony,Brentford,Attack,Left Winger,26.0,70.0,4135.0,11.0,5.0,0.23941958887545345,0.10882708585247883,59.07142857142857,20000000.0,https://img.a.transfermarkt.technology/portrait/header/684210-1637578473.jpg?lm=1,0.95,first_last,2026/27,Official Premier League squad list
328658.0,Kristoffer Ajer,Kristoffer Vassbakk Ajer,Brentford,Defender,Centre-Back,28.0,112.0,7838.0,3.0,4.0,0.03444756315386578,0.045930084205154376,69.98214285714286,18000000.0,https://img.a.transfermarkt.technology/portrait/header/328658-1700649482.jpg?lm=1,0.95,first_last,2026/27,Official Premier League squad list
591949.0,Aaron Hickey,Aaron Buchanan Hickey,Brentford,Defender,Right-Back,24.0,56.0,3337.0,0.0,1.0,0.0,0.02697033263410249,59.589285714285715,16000000.0,https://img.a.transfermarkt.technology/portrait/header/591949-1780070754.jpg?lm=1,0.95,first_last,2026/27,Official Premier League squad list
270171.0,Vitaly Janelt,Vitaly Janelt,Brentford,Midfield,Defensive Midfield,28.0,161.0,11295.0,10.0,11.0,0.0796812749003984,0.08764940239043825,70.15527950310559,16000000.0,https://img.a.transfermarkt.technology/portrait/header/270171-1649932358.jpg?lm=1,1.0,exact,2026/27,Official Premier League squad list
339556.0,Rico Henry,Rico Henry,Brentford,Defender,Left-Back,29.0,106.0,7856.0,3.0,3.0,0.03436863543788187,0.03436863543788187,74.11320754716981,13000000.0,https://img.a.transfermarkt.technology/portrait/header/339556-1684771012.jpg?lm=1,1.0,exact,2026/27,Official Premier League squad list
319859.0,Mathias Jensen,Mathias Jensen,Brentford,Midfield,Central Midfield,30.0,160.0,9756.0,11.0,13.0,0.10147601476014759,0.11992619926199262,60.975,10000000.0,https://img.a.transfermarkt.technology/portrait/header/319859-1684771732.jpg?lm=1,1.0,exact,2026/27,Official Premier League squad list
559263.0,Fábio Carvalho,Fabio Leandro Freitas Gouveia De Carvalho,Brentford,Midfield,Attacking Midfield,24.0,42.0,1141.0,6.0,1.0,0.4732690622261175,0.07887817703768624,27.166666666666668,8000000.0,https://img.a.transfermarkt.technology/portrait/header/559263-1687517452.jpg?lm=1,0.95,first_last,2026/27,Official Premier League squad list
123682.0,Callum Wilson,Callum Eddie Graham Wilson,Brentford,Attack,Centre-Forward,34.0,271.0,17507.0,95.0,28.0,0.4883760781401725,0.1439424230307877,64.60147601476015,4000000.0,https://img.a.transfermarkt.technology/portrait/header/123682-1668090039.jpg?lm=1,1.0,exact,2026/27,Official Premier League squad list
488935.0,Hákon Valdimarsson,Hakon Rafn Valdimarsson,Brentford,Goalkeeper,Goalkeeper,24.0,3.0,234.0,0.0,0.0,0.0,0.0,78.0,2500000.0,https://img.a.transfermarkt.technology/portrait/header/488935-1689319830.jpg?lm=1,0.95,first_last,2026/27,Official Premier League squad list
709767.0,Ji-soo Kim,Ji-Soo Kim,Brentford,Defender,Centre-Back,21.0,3.0,28.0,0.0,0.0,0.0,0.0,9.333333333333334,1800000.0,https://img.a.transfermarkt.technology/portrait/header/709767-1754511861.jpg?lm=1,1.0,exact,2026/27,Official Premier League squad list
340321.0,Josh Dasilva,Pelenda Joshua Tunga Dasilva,Brentford,Midfield,Central Midfield,27.0,50.0,1660.0,4.0,2.0,0.2168674698795181,0.10843373493975905,33.2,1500000.0,https://img.a.transfermarkt.technology/portrait/header/340321-1769112312.jpg?lm=1,1.0,manual_alias,2026/27,Official Premier League squad list
456292.0,Ellery Balcombe,Ellery Ronald Balcombe,Brentford,Goalkeeper,Goalkeeper,26.0,0.0,0.0,0.0,0.0,0.0,0.0,0.0,400000.0,https://img.a.transfermarkt.technology/portrait/header/456292-1659706694.jpg?lm=1,0.95,first_last,2026/27,Official Premier League squad list
,Caelan Avenell,Caelan Avenell,Brentford,Unknown,,,0.0,0.0,0.0,0.0,0.0,0.0,0.0,,,0.0,missing,2026/27,Official Premier League squad list
1012534.0,Yankuba Minteh,Yankuba Minteh,Brighton & Hove Albion,Attack,Right Winger,22.0,66.0,4245.0,9.0,8.0,0.1908127208480565,0.1696113074204947,64.31818181818181,45000000.0,https://img.a.transfermarkt.technology/portrait/header/1012534-1694774813.jpg?lm=1,1.0,exact,2026/27,Official Premier League squad list
565093.0,Bart Verbruggen,Bart Verbruggen,Brighton & Hove Albion,Goalkeeper,Goalkeeper,24.0,95.0,8550.0,0.0,1.0,0.0,0.010526315789473684,90.0,40000000.0,https://img.a.transfermarkt.technology/portrait/header/565093-1716990260.jpg?lm=1,1.0,exact,2026/27,Official Premier League squad list
369316.0,Ferdi Kadıoğlu,Ferdi Erenay Kadioglu,Brighton & Hove Albion,Defender,Left-Back,26.0,43.0,3521.0,2.0,0.0,0.051121840386253906,0.0,81.88372093023256,35000000.0,https://img.a.transfermarkt.technology/portrait/header/369316-1724792538.jpg?lm=1,0.9428571428571428,fuzzy_strong,2026/27,Official Premier League squad list
667287.0,Yasin Ayari,Yasin Ayari,Brighton & Hove Albion,Midfield,Central Midfield,22.0,66.0,3958.0,5.0,4.0,0.11369378473976756,0.09095502779181405,59.96969696969697,35000000.0,https://img.a.transfermarkt.technology/portrait/header/667287-1746438362.jpg?lm=1,1.0,exact,2026/27,Official Premier League squad list
538977.0,Georginio Rutter,Georginio Rutter,Brighton & Hove Albion,Attack,Centre-Forward,24.0,71.0,3721.0,8.0,8.0,0.19349637194302605,0.19349637194302605,52.40845070422535,30000000.0,https://img.a.transfermarkt.technology/portrait/header/538977-1727785742.jpg?lm=1,1.0,exact,2026/27,Official Premier League squad list
415381.0,Mats Wieffer,Mats Henrik Berne Wieffer,Brighton & Hove Albion,Defender,Right-Back,26.0,51.0,2916.0,3.0,8.0,0.0925925925925926,0.24691358024691357,57.1764705882353,25000000.0,https://img.a.transfermarkt.technology/portrait/header/415381-1779892289.jpg?lm=1,0.95,first_last,2026/27,Official Premier League squad list
504849.0,Kaoru Mitoma,Kaoru Mitoma,Brighton & Hove Albion,Attack,Left Winger,29.0,113.0,8137.0,23.0,15.0,0.2543935111220352,0.16590881160132726,72.00884955752213,22000000.0,https://img.a.transfermarkt.technology/portrait/header/504849-1731683095.jpg?lm=1,1.0,exact,2026/27,Official Premier League squad list
429915.0,Maxim De Cuyper,Maxim Peter De Cuyper,Brighton & Hove Albion,Defender,Left-Back,25.0,30.0,1414.0,2.0,3.0,0.1272984441301273,0.19094766619519093,47.13333333333333,22000000.0,https://img.a.transfermarkt.technology/portrait/header/429915-1733899691.jpg?lm=1,0.95,first_last,2026/27,Official Premier League squad list
410708.0,Pascal Struijk,Pascal Augustus Struijk,Brighton & Hove Albion,Defender,Centre-Back,27.0,119.0,9267.0,4.0,2.0,0.03884752347037876,0.01942376173518938,77.87394957983193,22000000.0,https://img.a.transfermarkt.technology/portrait/header/410708-1708002225.jpg?lm=1,0.95,first_last,2026/27,Official Premier League squad list
648046.0,Evan Ferguson,Evan Joe Ferguson,Brighton & Hove Albion,Attack,Centre-Forward,21.0,68.0,2725.0,13.0,2.0,0.42935779816513764,0.06605504587155964,40.0735294117647,20000000.0,https://img.a.transfermarkt.technology/portrait/header/648046-1681739980.jpg?lm=1,0.95,first_last,2026/27,Official Premier League squad list
406634.0,Matt O'Riley,Matthew Sean O'Riley,Brighton & Hove Albion,Midfield,Central Midfield,25.0,27.0,1141.0,3.0,3.0,0.23663453111305874,0.23663453111305874,42.25925925925926,18000000.0,https://img.a.transfermarkt.technology/portrait/header/406634-1661800636.jpg?lm=1,1.0,fuzzy_strong,2026/27,Official Premier League squad list
888785.0,Promise David,Promise Oluwatobi Emmanuel David,Brighton & Hove Albion,Attack,Centre-Forward,25.0,0.0,0.0,0.0,0.0,0.0,0.0,0.0,17000000.0,https://img.a.transfermarkt.technology/portrait/header/888785-1772107518.jpg?lm=1,0.95,first_last,2026/27,Official Premier League squad list
318508.0,Olivier Boscagli,Olivier Boscagli,Brighton & Hove Albion,Defender,Centre-Back,28.0,12.0,800.0,0.0,1.0,0.0,0.1125,66.66666666666667,15000000.0,https://img.a.transfermarkt.technology/portrait/header/318508-1763637922.jpg?lm=1,1.0,exact,2026/27,Official Premier League squad list
1110406.0,Ibrahim Osman,Ibrahim Osman,Brighton & Hove Albion,Attack,Left Winger,21.0,0.0,0.0,0.0,0.0,0.0,0.0,0.0,7000000.0,https://img.a.transfermarkt.technology/portrait/header/1110406-1697036818.jpg?lm=1,1.0,exact,2026/27,Official Premier League squad list
750903.0,Jaouen Hadjam,Jaouen Djimmy Hadjam,Brighton & Hove Albion,Defender,Left-Back,23.0,0.0,0.0,0.0,0.0,0.0,0.0,0.0,7000000.0,https://img.a.transfermarkt.technology/portrait/header/750903-1733948529.jpg?lm=1,0.95,first_last,2026/27,Official Premier League squad list
670860.0,James Beadle,James Giles Beadle,Brighton & Hove Albion,Goalkeeper,Goalkeeper,22.0,0.0,0.0,0.0,0.0,0.0,0.0,0.0,6000000.0,https://img.a.transfermarkt.technology/portrait/header/670860-1669114553.jpg?lm=1,0.95,first_last,2026/27,Official Premier League squad list
148153.0,Lewis Dunk,Lewis Carl Dunk,Brighton & Hove Albion,Defender,Centre-Back,34.0,299.0,26343.0,17.0,6.0,0.05807994533652204,0.020498804236419543,88.10367892976589,3500000.0,https://img.a.transfermarkt.technology/portrait/header/148153-1716297176.jpg?lm=1,0.95,first_last,2026/27,Official Premier League squad list
82873.0,Pascal Groß,Pascal Alexander Gross,Brighton & Hove Albion,Midfield,Central Midfield,35.0,247.0,19152.0,31.0,48.0,0.1456766917293233,0.22556390977443608,77.53846153846153,2500000.0,https://img.a.transfermarkt.technology/portrait/header/82873-1746195832.jpg?lm=1,1.0,manual_alias,2026/27,Official Premier League squad list
438961.0,Michael Svoboda,Michael Svoboda,Brighton & Hove Albion,Defender,Centre-Back,27.0,0.0,0.0,0.0,0.0,0.0,0.0,0.0,900000.0,https://img.a.transfermarkt.technology/portrait/header/438961-1717659180.jpg?lm=1,1.0,exact,2026/27,Official Premier League squad list
73564.0,Jason Steele,Jason Sean Steele,Brighton & Hove Albion,Goalkeeper,Goalkeeper,36.0,35.0,3150.0,0.0,1.0,0.0,0.02857142857142857,90.0,500000.0,https://img.a.transfermarkt.technology/portrait/header/73564-1681383960.jpg?lm=1,0.95,first_last,2026/27,Official Premier League squad list
406556.0,Tom McGill,Thomas Peter Wayne McGill,Brighton & Hove Albion,Goalkeeper,Goalkeeper,26.0,0.0,0.0,0.0,0.0,0.0,0.0,0.0,500000.0,https://img.a.transfermarkt.technology/portrait/header/406556-1718472851.jpg?lm=1,0.9514285714285713,fuzzy_strong,2026/27,Official Premier League squad list
45082.0,Diego Gómez,Diego Alexander Gomez Amarilla,Brighton & Hove Albion,Midfield,Attacking Midfield,42.0,0.0,0.0,0.0,0.0,0.0,0.0,0.0,200000.0,https://img.a.transfermarkt.technology/portrait/header/s_45082_1420_2012_1.jpg?lm=1,1.0,exact,2026/27,Official Premier League squad list
22440.0,João Pedro,Joao Pedro Loureiro Da Costa,Brighton & Hove Albion,Defender,Left-Back,46.0,0.0,0.0,0.0,0.0,0.0,0.0,0.0,100000.0,https://img.a.transfermarkt.technology/portrait/header/default.jpg?lm=1,1.0,exact,2026/27,Official Premier League squad list
,Oluwafemi Javier Azeez Beloso,Oluwafemi Javier Azeez Beloso,Brighton & Hove Albion,Unknown,,,0.0,0.0,0.0,0.0,0.0,0.0,0.0,,,0.0,missing,2026/27,Official Premier League squad list
568177.0,Cole Palmer,Cole Palmer,Chelsea,Midfield,Attacking Midfield,24.0,115.0,8273.0,47.0,22.0,0.5113018252145534,0.2393327692493654,71.93913043478261,100000000.0,https://img.a.transfermarkt.technology/portrait/header/568177-1712320986.jpg?lm=1,1.0,exact,2026/27,Official Premier League squad list
687626.0,Moisés Caicedo,Moises Isaac Caicedo Corozo,Chelsea,Midfield,Defensive Midfield,24.0,151.0,12837.0,7.0,10.0,0.049076887123159614,0.07010983874737088,85.01324503311258,100000000.0,https://img.a.transfermarkt.technology/portrait/header/687626-1660729724.jpg?lm=1,1.0,manual_alias,2026/27,Official Premier League squad list
503743.0,Morgan Rogers,Morgan Elliot Rogers,Chelsea,Midfield,Attacking Midfield,24.0,85.0,7057.0,21.0,19.0,0.26781918662321097,0.24231259742100045,83.02352941176471,90000000.0,https://img.a.transfermarkt.technology/portrait/header/503743-1706786450.jpg?lm=1,0.95,first_last,2026/27,Official Premier League squad list
487465.0,Pedro Neto,Pedro Lomba Neto,Chelsea,Attack,Right Winger,26.0,180.0,11352.0,20.0,32.0,0.15856236786469347,0.2536997885835095,63.06666666666667,60000000.0,https://img.a.transfermarkt.technology/portrait/header/487465-1763106447.jpg?lm=1,0.95,first_last,2026/27,Official Premier League squad list
614258.0,Levi Colwill,Levi Lamar Samuels Colwill,Chelsea,Defender,Centre-Back,23.0,78.0,6393.0,3.0,4.0,0.04223369310183012,0.05631159080244017,81.96153846153847,50000000.0,https://img.a.transfermarkt.technology/portrait/header/614258-1694614507.jpg?lm=1,0.95,first_last,2026/27,Official Premier League squad list
434224.0,Maxence Lacroix,Maxence Guy Lacroix,Chelsea,Defender,Centre-Back,26.0,70.0,6206.0,2.0,3.0,0.02900418949403803,0.04350628424105704,88.65714285714286,50000000.0,https://img.a.transfermarkt.technology/portrait/header/434224-1657202248.jpg?lm=1,0.95,first_last,2026/27,Official Premier League squad list
849410.0,Valentín Barco,Valentin Barco,Chelsea,Midfield,Central Midfield,22.0,6.0,308.0,0.0,0.0,0.0,0.0,51.333333333333336,40000000.0,https://img.a.transfermarkt.technology/portrait/header/849410-1750770955.png?lm=1,1.0,exact,2026/27,Official Premier League squad list
620322.0,Malo Gusto,Malo Arthur Gusto,Chelsea,Defender,Right-Back,23.0,93.0,5882.0,2.0,10.0,0.030601836110166612,0.15300918055083304,63.24731182795699,35000000.0,https://img.a.transfermarkt.technology/portrait/header/620322-1752061866.jpg?lm=1,0.95,first_last,2026/27,Official Premier League squad list
670882.0,Jamie Gittens,Jamie Jermaine Bynoe-Gittens,Chelsea,Attack,Left Winger,22.0,16.0,490.0,0.0,2.0,0.0,0.3673469387755102,30.625,30000000.0,https://img.a.transfermarkt.technology/portrait/header/670882-1736780080.jpg?lm=1,0.95,first_last,2026/27,Official Premier League squad list
475411.0,Wesley Fofana,Wesley Tidjan Fofana,Chelsea,Defender,Centre-Back,25.0,91.0,7164.0,1.0,2.0,0.01256281407035176,0.02512562814070352,78.72527472527473,28000000.0,https://img.a.transfermarkt.technology/portrait/header/475411-1683899212.jpg?lm=1,0.95,first_last,2026/27,Official Premier League squad list
559328.0,Emmanuel Emegha,Emmanuel Emegha,Chelsea,Attack,Centre-Forward,23.0,0.0,0.0,0.0,0.0,0.0,0.0,0.0,25000000.0,https://img.a.transfermarkt.technology/portrait/header/559328-1732575392.png?lm=1,1.0,exact,2026/27,Official Premier League squad list
628451.0,Roméo Lavia,Romeo Lavia,Chelsea,Midfield,Defensive Midfield,22.0,58.0,3442.0,1.0,1.0,0.026147588611272515,0.026147588611272515,59.3448275862069,22000000.0,https://img.a.transfermarkt.technology/portrait/header/628451-1683898478.jpg?lm=1,1.0,exact,2026/27,Official Premier League squad list
596122.0,Pep Chavarría,Josep Maria Chavarria Perez,Chelsea,Defender,Left-Back,28.0,0.0,0.0,0.0,0.0,0.0,0.0,0.0,10000000.0,https://img.a.transfermarkt.technology/portrait/header/596122-1744713547.jpg?lm=1,1.0,manual_alias,2026/27,Official Premier League squad list
67063.0,Danny Welbeck,Daniel Welbeck,Chelsea,Attack,Centre-Forward,35.0,336.0,18906.0,74.0,37.0,0.35226912091399554,0.17613456045699777,56.267857142857146,3000000.0,https://img.a.transfermarkt.technology/portrait/header/67063-1746437656.jpg?lm=1,1.0,fuzzy_strong,2026/27,Official Premier League squad list
656316.0,Gabriel Slonina,Gabriel Pawel Slonina,Chelsea,Goalkeeper,Goalkeeper,22.0,0.0,0.0,0.0,0.0,0.0,0.0,0.0,3000000.0,https://img.a.transfermarkt.technology/portrait/header/656316-1645958054.jpg?lm=1,0.95,first_last,2026/27,Official Premier League squad list
61651.0,Jordan Henderson,Jordan Brian Henderson,Chelsea,Midfield,Defensive Midfield,36.0,355.0,26027.0,28.0,48.0,0.09682253044914896,0.16598148076996963,73.31549295774649,1200000.0,https://img.a.transfermarkt.technology/portrait/header/61651-1662621084.jpg?lm=1,0.95,first_last,2026/27,Official Premier League squad list
731466.0,Teddy Sharman-Lowe,Teddy Samuel Sharman-Lowe,Chelsea,Goalkeeper,Goalkeeper,23.0,0.0,0.0,0.0,0.0,0.0,0.0,0.0,500000.0,https://img.a.transfermarkt.technology/portrait/header/731466-1656922515.jpg?lm=1,0.95,first_last,2026/27,Official Premier League squad list
245585.0,Reece James,Reece James,Chelsea,Defender,Left-Back,32.0,0.0,0.0,0.0,0.0,0.0,0.0,0.0,400000.0,https://img.a.transfermarkt.technology/portrait/header/245585-1447774602.jpg?lm=1,1.0,exact,2026/27,Official Premier League squad list
87536.0,Emiliano Romero,Damián Emiliano Martinez Romero,Chelsea,Midfield,Attacking Midfield,41.0,0.0,0.0,0.0,0.0,0.0,0.0,0.0,300000.0,https://img.a.transfermarkt.technology/portrait/header/default.jpg?lm=1,0.9121739130434782,token_match,2026/27,Official Premier League squad list
22440.0,João Pedro,Joao Pedro Junqueira De Jesus,Chelsea,Defender,Left-Back,46.0,0.0,0.0,0.0,0.0,0.0,0.0,0.0,100000.0,https://img.a.transfermarkt.technology/portrait/header/default.jpg?lm=1,1.0,exact,2026/27,Official Premier League squad list
646353.0,Carl Rushworth,Carl Andrew Rushworth,Coventry City,Goalkeeper,Goalkeeper,25.0,0.0,0.0,0.0,0.0,0.0,0.0,0.0,16000000.0,https://img.a.transfermarkt.technology/portrait/header/646353-1664348532.jpg?lm=1,0.95,first_last,2026/27,Official Premier League squad list
315291.0,Haji Wright,Haji Amir Wright,Coventry City,Attack,Centre-Forward,28.0,0.0,0.0,0.0,0.0,0.0,0.0,0.0,16000000.0,https://img.a.transfermarkt.technology/portrait/header/315291-1709161726.jpg?lm=1,0.95,first_last,2026/27,Official Premier League squad list
322985.0,Gustavo Hamer,Gustavo Martin Emilio Hamer,Coventry City,Midfield,Central Midfield,29.0,36.0,2924.0,4.0,6.0,0.12311901504787962,0.18467852257181944,81.22222222222223,15000000.0,https://img.a.transfermarkt.technology/portrait/header/322985-1682690179.jpg?lm=1,0.95,first_last,2026/27,Official Premier League squad list
607226.0,Loum Tchaouna,Loum Tchaouna,Coventry City,Attack,Right Winger,23.0,29.0,1270.0,2.0,1.0,0.14173228346456693,0.07086614173228346,43.793103448275865,13000000.0,https://img.a.transfermarkt.technology/portrait/header/607226-1695710683.jpg?lm=1,1.0,exact,2026/27,Official Premier League squad list
635645.0,Aurèle Amenda,Aurele Florian Amenda,Coventry City,Defender,Centre-Back,23.0,0.0,0.0,0.0,0.0,0.0,0.0,0.0,10000000.0,https://img.a.transfermarkt.technology/portrait/header/635645-1724772426.jpg?lm=1,0.95,first_last,2026/27,Official Premier League squad list
258915.0,Jay Dasilva,Jay Rhys Dasilva,Coventry City,Defender,Left-Back,28.0,0.0,0.0,0.0,0.0,0.0,0.0,0.0,9000000.0,https://img.a.transfermarkt.technology/portrait/header/258915-1740580680.jpg?lm=1,0.95,first_last,2026/27,Official Premier League squad list
421637.0,Frank Onyeka,Ogochukwu Frank Onyeka,Coventry City,Midfield,Central Midfield,28.0,75.0,3158.0,1.0,5.0,0.028499050031665613,0.14249525015832806,42.10666666666667,8000000.0,https://img.a.transfermarkt.technology/portrait/header/421637-1726605377.jpg?lm=1,1.0,fuzzy_strong,2026/27,Official Premier League squad list
295313.0,Taiwo Awoniyi,Taiwo Micheal Awoniyi,Coventry City,Attack,Centre-Forward,29.0,90.0,3337.0,21.0,6.0,0.5663769853161522,0.16182199580461493,37.077777777777776,8000000.0,https://img.a.transfermarkt.technology/portrait/header/295313-1774469214.jpg?lm=1,0.95,first_last,2026/27,Official Premier League squad list
265471.0,Matt Grimes,Matthew Jacob Grimes,Coventry City,Midfield,Central Midfield,31.0,4.0,132.0,0.0,0.0,0.0,0.0,33.0,7000000.0,https://img.a.transfermarkt.technology/portrait/header/265471-1439814383.jpg?lm=1,1.0,fuzzy_strong,2026/27,Official Premier League squad list
511550.0,Ellis Simms,Ellis Reco Simms,Coventry City,Attack,Centre-Forward,25.0,11.0,219.0,1.0,0.0,0.410958904109589,0.0,19.90909090909091,6000000.0,https://img.a.transfermarkt.technology/portrait/header/511550-1553872488.jpg?lm=1,0.95,first_last,2026/27,Official Premier League squad list
587335.0,Milan van Ewijk,Milan Fabrizio Van Ewijk,Coventry City,Defender,Right-Back,26.0,0.0,0.0,0.0,0.0,0.0,0.0,0.0,5000000.0,https://img.a.transfermarkt.technology/portrait/header/587335-1629186116.jpg?lm=1,0.95,first_last,2026/27,Official Premier League squad list
442248.0,Ethan Pinnock,Ethan Rupert Pinnock,Coventry City,Defender,Centre-Back,33.0,117.0,10152.0,8.0,1.0,0.07092198581560284,0.008865248226950355,86.76923076923077,3000000.0,https://img.a.transfermarkt.technology/portrait/header/442248-1719836196.jpg?lm=1,0.95,first_last,2026/27,Official Premier League squad list
412823.0,Joel Latibeaudiere,Joel Owen Latibeaudiere,Coventry City,Defender,Centre-Back,26.0,0.0,0.0,0.0,0.0,0.0,0.0,0.0,3000000.0,https://img.a.transfermarkt.technology/portrait/header/412823-1694712983.jpg?lm=1,0.95,first_last,2026/27,Official Premier League squad list
626888.0,Kaine Kesler-Hayden,Kaine Kesler Hayden,Coventry City,Defender,Right-Back,23.0,3.0,5.0,0.0,0.0,0.0,0.0,1.6666666666666667,2200000.0,https://img.a.transfermarkt.technology/portrait/header/626888-1633425896.jpg?lm=1,1.0,exact,2026/27,Official Premier League squad list
788283.0,Bobby Thomas,Bobby Craig Thomas,Coventry City,Defender,Centre-Back,25.0,0.0,0.0,0.0,0.0,0.0,0.0,0.0,2000000.0,https://img.a.transfermarkt.technology/portrait/header/default.jpg?lm=1,0.95,first_last,2026/27,Official Premier League squad list
527425.0,Luke Woolfenden,Luke Matthew Woolfenden,Coventry City,Defender,Centre-Back,27.0,15.0,1187.0,0.0,0.0,0.0,0.0,79.13333333333334,2000000.0,https://img.a.transfermarkt.technology/portrait/header/527425-1664180037.jpg?lm=1,0.95,first_last,2026/27,Official Premier League squad list
617408.0,Tatsuhiro Sakamoto,Tatsuhiro Sakamoto,Coventry City,Midfield,Left Midfield,29.0,0.0,0.0,0.0,0.0,0.0,0.0,0.0,1800000.0,https://img.a.transfermarkt.technology/portrait/header/617408-1611877184.jpg?lm=1,1.0,exact,2026/27,Official Premier League squad list
403692.0,Victor Torp,Victor Torp Overgaard,Coventry City,Midfield,Central Midfield,27.0,0.0,0.0,0.0,0.0,0.0,0.0,0.0,1200000.0,https://img.a.transfermarkt.technology/portrait/header/403692-1626438172.jpg?lm=1,1.0,manual_alias,2026/27,Official Premier League squad list
136401.0,Daniel Bentley,Daniel Ian Bentley,Coventry City,Goalkeeper,Goalkeeper,33.0,12.0,1012.0,0.0,0.0,0.0,0.0,84.33333333333333,800000.0,https://img.a.transfermarkt.technology/portrait/header/136401-1700737411.jpg?lm=1,0.95,first_last,2026/27,Official Premier League squad list
,Ben Wilson,Ben Wilson,Coventry City,Unknown,,,0.0,0.0,0.0,0.0,0.0,0.0,0.0,,,0.0,missing,2026/27,Official Premier League squad list
451747.0,Brandon Thomas-Asante,Solomon Brandon Michael Clarke Thomas-Asante,Coventry City,Attack,Centre-Forward,27.0,0.0,0.0,0.0,0.0,0.0,0.0,0.0,,https://img.a.transfermarkt.technology/portrait/header/451747-1780387464.jpg?lm=1,1.0,fuzzy_strong,2026/27,Official Premier League squad list
,Ephron Jardell Mason-Clark,Ephron Jardell Mason-Clark,Coventry City,Unknown,,,0.0,0.0,0.0,0.0,0.0,0.0,0.0,,,0.0,missing,2026/27,Official Premier League squad list
,Jack Edward Rudoni,Jack Edward Rudoni,Coventry City,Unknown,,,0.0,0.0,0.0,0.0,0.0,0.0,0.0,,,0.0,missing,2026/27,Official Premier League squad list
1082269.0,Josh Gentles,Joshua Elliot Eccles,Coventry City,Attack,Centre-Forward,18.0,0.0,0.0,0.0,0.0,0.0,0.0,0.0,,https://img.a.transfermarkt.technology/portrait/header/default.jpg?lm=1,0.982608695652174,fuzzy_strong,2026/27,Official Premier League squad list
744149.0,Adam Wharton,Adam James Wharton,Crystal Palace,Midfield,Defensive Midfield,22.0,70.0,5195.0,1.0,10.0,0.017324350336862367,0.17324350336862368,74.21428571428571,70000000.0,https://img.a.transfermarkt.technology/portrait/header/744149-1716297290.jpg?lm=1,0.95,first_last,2026/27,Official Premier League squad list
410225.0,Ismaïla Sarr,Ismaila Sarr,Crystal Palace,Attack,Right Winger,28.0,116.0,8792.0,27.0,16.0,0.27638762511373977,0.1637852593266606,75.79310344827586,40000000.0,https://img.a.transfermarkt.technology/portrait/header/410225-1765811669.jpg?lm=1,1.0,exact,2026/27,Official Premier League squad list
429983.0,Jørgen Strand Larsen,Jorgen Strand Larsen,Crystal Palace,Attack,Centre-Forward,26.0,71.0,4918.0,18.0,5.0,0.3294021960146401,0.09150061000406669,69.26760563380282,40000000.0,https://img.a.transfermarkt.technology/portrait/header/429983-1743541067.jpg?lm=1,1.0,exact,2026/27,Official Premier League squad list
420002.0,Jean-Philippe Mateta,Jean-Philippe Mateta,Crystal Palace,Attack,Centre-Forward,29.0,162.0,9285.0,50.0,8.0,0.48465266558966075,0.07754442649434572,57.31481481481482,30000000.0,https://img.a.transfermarkt.technology/portrait/header/420002-1723202650.jpg?lm=1,1.0,exact,2026/27,Official Premier League squad list
568157.0,Yéremy Pino,Yeremy Jesus Pino Santos,Crystal Palace,Attack,Right Winger,23.0,34.0,2092.0,2.0,2.0,0.08604206500956023,0.08604206500956023,61.529411764705884,30000000.0,https://img.a.transfermarkt.technology/portrait/header/568157-1686664370.jpg?lm=1,1.0,manual_alias,2026/27,Official Premier League squad list
578539.0,Chris Richards,Christopher Jeffrey Richards,Crystal Palace,Defender,Centre-Back,26.0,92.0,7285.0,3.0,1.0,0.03706245710363761,0.012354152367879203,79.18478260869566,28000000.0,https://img.a.transfermarkt.technology/portrait/header/578539-1754244701.jpg?lm=1,1.0,fuzzy_strong,2026/27,Official Premier League squad list
258919.0,Dean Henderson,Dean Bradley Henderson,Crystal Palace,Goalkeeper,Goalkeeper,29.0,160.0,14355.0,0.0,0.0,0.0,0.0,89.71875,28000000.0,https://img.a.transfermarkt.technology/portrait/header/258919-1716297478.jpg?lm=1,0.95,first_last,2026/27,Official Premier League squad list
500689.0,Evann Guessand,Evann Ludovic Vidjannagni Guessand,Crystal Palace,Attack,Right Winger,25.0,21.0,916.0,1.0,1.0,0.0982532751091703,0.0982532751091703,43.61904761904762,25000000.0,https://img.a.transfermarkt.technology/portrait/header/500689-1765812945.jpg?lm=1,0.95,first_last,2026/27,Official Premier League squad list
420213.0,Quinten Timber,Quinten Ryan Crispito Timber,Crystal Palace,Midfield,Central Midfield,25.0,0.0,0.0,0.0,0.0,0.0,0.0,0.0,25000000.0,https://img.a.transfermarkt.technology/portrait/header/420213-1765214219.jpg?lm=1,0.95,first_last,2026/27,Official Premier League squad list
730893.0,Tyrick Mitchell,Tyrick Mitchell,Crystal Palace,Defender,Left-Back,27.0,207.0,17470.0,4.0,15.0,0.0206067544361763,0.07727532913566114,84.39613526570048,25000000.0,https://img.a.transfermarkt.technology/portrait/header/730893-1693826944.jpg?lm=1,1.0,exact,2026/27,Official Premier League squad list
945021.0,Anan Khalaili,Anan Khalaili,Crystal Palace,Midfield,Right Midfield,22.0,0.0,0.0,0.0,0.0,0.0,0.0,0.0,23000000.0,https://img.a.transfermarkt.technology/portrait/header/945021-1772107050.jpg?lm=1,1.0,exact,2026/27,Official Premier League squad list
584769.0,Dwight McNeil,Dwight James Matthew McNeil,Crystal Palace,Attack,Left Winger,26.0,248.0,19065.0,21.0,35.0,0.0991345397324941,0.16522423288749016,76.875,18000000.0,https://img.a.transfermarkt.technology/portrait/header/584769-1700651579.jpg?lm=1,0.95,first_last,2026/27,Official Premier League squad list
386047.0,Axel Disasi,Axel Disasi Mhakinis Belho,Crystal Palace,Defender,Centre-Back,28.0,58.0,4688.0,3.0,0.0,0.0575938566552901,0.0,80.82758620689656,15000000.0,https://img.a.transfermarkt.technology/portrait/header/386047-1727785671.jpg?lm=1,0.8745945945945947,name_parts,2026/27,Official Premier League squad list
881116.0,Darío Osorio,Dario Esteban Osorio Osorio,Crystal Palace,Attack,Right Winger,22.0,0.0,0.0,0.0,0.0,0.0,0.0,0.0,15000000.0,https://img.a.transfermarkt.technology/portrait/header/881116-1711546194.jpg?lm=1,0.95,first_last,2026/27,Official Premier League squad list
316125.0,Ben Chilwell,Benjamin James Chilwell,Crystal Palace,Defender,Left-Back,29.0,177.0,13414.0,13.0,19.0,0.08722230505442076,0.1274787535410765,75.78531073446328,10000000.0,https://img.a.transfermarkt.technology/portrait/header/316125-1683899136.jpg?lm=1,1.0,fuzzy_strong,2026/27,Official Premier League squad list
543387.0,Cheick Doucouré,Cheick Oumar Doucoure,Crystal Palace,Midfield,Defensive Midfield,26.0,58.0,4153.0,0.0,3.0,0.0,0.06501324343847821,71.60344827586206,10000000.0,https://img.a.transfermarkt.technology/portrait/header/543387-1693826399.jpg?lm=1,0.95,first_last,2026/27,Official Premier League squad list
356141.0,Daichi Kamada,Daichi Kamada,Crystal Palace,Midfield,Attacking Midfield,30.0,62.0,3462.0,0.0,1.0,0.0,0.025996533795493933,55.83870967741935,10000000.0,https://img.a.transfermarkt.technology/portrait/header/356141-1707947777.jpg?lm=1,1.0,exact,2026/27,Official Premier League squad list
340324.0,Eddie Nketiah,Edward Keddar Nketiah,Crystal Palace,Attack,Centre-Forward,27.0,157.0,5537.0,24.0,8.0,0.3901029438324002,0.13003431461080006,35.267515923566876,10000000.0,https://img.a.transfermarkt.technology/portrait/header/340324-1730795033.jpg?lm=1,1.0,fuzzy_strong,2026/27,Official Premier League squad list
262980.0,Jefferson Lerma,Jefferson Lerma,Crystal Palace,Midfield,Defensive Midfield,31.0,192.0,14879.0,9.0,9.0,0.05443914241548491,0.05443914241548491,77.49479166666667,6000000.0,https://img.a.transfermarkt.technology/portrait/header/262980-1693334146.jpg?lm=1,1.0,exact,2026/27,Official Premier League squad list
331560.0,Takehiro Tomiyasu,Takehiro Tomiyasu,Crystal Palace,Defender,Centre-Back,27.0,65.0,3486.0,2.0,3.0,0.05163511187607572,0.0774526678141136,53.63076923076923,5000000.0,https://img.a.transfermarkt.technology/portrait/header/331560-1682591217.jpg?lm=1,1.0,exact,2026/27,Official Premier League squad list
207014.0,Will Hughes,William James Hughes,Crystal Palace,Midfield,Central Midfield,31.0,214.0,13166.0,6.0,15.0,0.041014734923287256,0.10253683730821814,61.52336448598131,5000000.0,https://img.a.transfermarkt.technology/portrait/header/207014-1700672424.jpg?lm=1,1.0,manual_alias,2026/27,Official Premier League squad list
296802.0,Walter Benítez,Walter Daniel Benitez,Crystal Palace,Goalkeeper,Goalkeeper,33.0,1.0,90.0,0.0,0.0,0.0,0.0,90.0,4000000.0,https://img.a.transfermarkt.technology/portrait/header/296802-1682332928.jpg?lm=1,0.95,first_last,2026/27,Official Premier League squad list
1087243.0,Óscar García,Oscar Mingueza Garcia,Crystal Palace,Goalkeeper,Goalkeeper,23.0,0.0,0.0,0.0,0.0,0.0,0.0,0.0,4000000.0,https://img.a.transfermarkt.technology/portrait/header/1087243-1774858390.jpg?lm=1,0.95,first_last,2026/27,Official Premier League squad list
484874.0,Matheus Oliveira,Matheus Franca De Oliveira,Crystal Palace,Midfield,Attacking Midfield,28.0,0.0,0.0,0.0,0.0,0.0,0.0,0.0,800000.0,https://img.a.transfermarkt.technology/portrait/header/484874-1623770920.jpg?lm=1,0.95,first_last,2026/27,Official Premier League squad list
196722.0,Remi Matthews,Remi Luke Matthews,Crystal Palace,Goalkeeper,Goalkeeper,32.0,1.0,3.0,0.0,0.0,0.0,0.0,3.0,200000.0,https://img.a.transfermarkt.technology/portrait/header/196722-1669021601.jpg?lm=1,0.95,first_last,2026/27,Official Premier League squad list
505219.0,James Garner,James David Garner,Everton,Midfield,Defensive Midfield,25.0,114.0,8819.0,3.0,11.0,0.03061571606758136,0.11225762558113164,77.35964912280701,45000000.0,https://img.a.transfermarkt.technology/portrait/header/505219-1662067244.jpg?lm=1,0.95,first_last,2026/27,Official Premier League squad list
661053.0,Jarrad Branthwaite,Jarrad Paul Branthwaite,Everton,Defender,Centre-Back,24.0,85.0,6995.0,5.0,3.0,0.06433166547533953,0.03859899928520372,82.29411764705883,40000000.0,https://img.a.transfermarkt.technology/portrait/header/661053-1687975679.jpg?lm=1,0.95,first_last,2026/27,Official Premier League squad list
475188.0,Kiernan Dewsbury-Hall,Kiernan Frank Dewsbury-Hall,Everton,Midfield,Central Midfield,28.0,103.0,7317.0,11.0,11.0,0.13530135301353013,0.13530135301353013,71.03883495145631,35000000.0,https://img.a.transfermarkt.technology/portrait/header/475188-1774470020.jpg?lm=1,0.95,first_last,2026/27,Official Premier League squad list
470607.0,Brennan Johnson,Brennan Price Johnson,Everton,Attack,Right Winger,25.0,140.0,9176.0,26.0,19.0,0.25501307759372277,0.18635571054925892,65.54285714285714,30000000.0,https://img.a.transfermarkt.technology/portrait/header/470607-1692959021.jpg?lm=1,0.95,first_last,2026/27,Official Premier League squad list
937941.0,Thierno Barry,Thierno Mamadou Barry,Everton,Attack,Centre-Forward,23.0,38.0,1915.0,8.0,0.0,0.37597911227154046,0.0,50.39473684210526,30000000.0,https://img.a.transfermarkt.technology/portrait/header/937941-1743672693.jpg?lm=1,0.95,first_last,2026/27,Official Premier League squad list
404842.0,Vitaliy Mykolenko,Vitalii Mykolenko,Everton,Defender,Left-Back,27.0,143.0,12227.0,4.0,3.0,0.02944303590414656,0.02208227692810992,85.5034965034965,25000000.0,https://img.a.transfermarkt.technology/portrait/header/404842-1708012303.jpg?lm=1,1.0,fuzzy_strong,2026/27,Official Premier League squad list
203460.0,Jack Grealish,Jack Peter Grealish,Everton,Attack,Left Winger,31.0,210.0,14396.0,29.0,37.0,0.18130036121144763,0.2313142539594332,68.55238095238096,20000000.0,https://img.a.transfermarkt.technology/portrait/header/203460-1676499047.jpg?lm=1,0.95,first_last,2026/27,Official Premier League squad list
711544.0,Jake O'Brien,Jake Patrick O'Brien,Everton,Defender,Right-Back,25.0,57.0,4693.0,3.0,1.0,0.0575324952056254,0.01917749840187513,82.33333333333333,18000000.0,https://img.a.transfermarkt.technology/portrait/header/711544-1662362868.jpg?lm=1,0.95,first_last,2026/27,Official Premier League squad list
608832.0,Merlin Röhl,Merlin Rohl,Everton,Midfield,Attacking Midfield,24.0,16.0,678.0,1.0,0.0,0.1327433628318584,0.0,42.375,16000000.0,https://img.a.transfermarkt.technology/portrait/header/608832-1726649794.jpg?lm=1,1.0,exact,2026/27,Official Premier League squad list
748319.0,Carlos Alcaraz,Carlos Jonas Alcaraz Duran,Everton,Midfield,Central Midfield,23.0,54.0,2490.0,6.0,6.0,0.2168674698795181,0.2168674698795181,46.111111111111114,15000000.0,https://img.a.transfermarkt.technology/portrait/header/748319-1694617058.jpg?lm=1,1.0,manual_alias,2026/27,Official Premier League squad list
130164.0,Jordan Pickford,Jordan Lee Pickford,Everton,Goalkeeper,Goalkeeper,32.0,362.0,32533.0,0.0,2.0,0.0,0.005532843574216949,89.87016574585635,13000000.0,https://img.a.transfermarkt.technology/portrait/header/130164-1668499964.jpg?lm=1,0.95,first_last,2026/27,Official Premier League squad list
285845.0,Ainsley Maitland-Niles,Ainsley Cory Maitland-Niles,Everton,Defender,Right-Back,29.0,109.0,6666.0,1.0,5.0,0.013501350135013503,0.0675067506750675,61.15596330275229,10000000.0,https://img.a.transfermarkt.technology/portrait/header/285845-1702991138.jpg?lm=1,0.95,first_last,2026/27,Official Premier League squad list
148367.0,Christian Nørgaard,Christian Thers Barsøe Nørgaard,Everton,Midfield,Defensive Midfield,32.0,129.0,10274.0,11.0,13.0,0.09635974304068523,0.11387969632080981,79.64341085271317,5000000.0,https://img.a.transfermarkt.technology/portrait/header/148367-1699799827.jpg?lm=1,0.95,first_last,2026/27,Official Premier League squad list
173504.0,James Tarkowski,James Alan Tarkowski,Everton,Defender,Centre-Back,33.0,340.0,29294.0,12.0,11.0,0.03686761794224073,0.033795316447054004,86.15882352941176,5000000.0,https://img.a.transfermarkt.technology/portrait/header/173504-1655979328.jpg?lm=1,0.95,first_last,2026/27,Official Premier League squad list
357658.0,Mark Travers,Mark John Travers,Everton,Goalkeeper,Goalkeeper,27.0,22.0,1935.0,0.0,0.0,0.0,0.0,87.95454545454545,3000000.0,https://img.a.transfermarkt.technology/portrait/header/357658-1702296610.jpg?lm=1,0.95,first_last,2026/27,Official Premier League squad list
118534.0,Michael Keane,Michael Vincent Keane,Everton,Defender,Centre-Back,33.0,286.0,23716.0,19.0,11.0,0.07210322145387081,0.041743970315398886,82.92307692307692,3000000.0,https://img.a.transfermarkt.technology/portrait/header/118534-1687967021.jpg?lm=1,0.95,first_last,2026/27,Official Premier League squad list
215810.0,Tom King,Thomas Lloyd King,Everton,Goalkeeper,Goalkeeper,31.0,1.0,1.0,0.0,0.0,0.0,0.0,1.0,100000.0,https://img.a.transfermarkt.technology/portrait/header/215810-1774468851.jpg?lm=1,1.0,fuzzy_strong,2026/27,Official Premier League squad list
,Fraser Paul Barnsley,Fraser Paul Barnsley,Everton,Unknown,,,0.0,0.0,0.0,0.0,0.0,0.0,0.0,,,0.0,missing,2026/27,Official Premier League squad list
,Hayden Rhys Hackney,Hayden Rhys Hackney,Everton,Unknown,,,0.0,0.0,0.0,0.0,0.0,0.0,0.0,,,0.0,missing,2026/27,Official Premier League squad list
461883.0,Calvin Bassey,Calvin Bassey,Fulham,Defender,Centre-Back,26.0,94.0,7906.0,3.0,1.0,0.034151277510751324,0.01138375917025044,84.1063829787234,28000000.0,https://img.a.transfermarkt.technology/portrait/header/461883-1662989506.jpg?lm=1,1.0,exact,2026/27,Official Premier League squad list
931838.0,Hugo Larsson,Hugo Emanuel Larsson,Fulham,Midfield,Central Midfield,22.0,0.0,0.0,0.0,0.0,0.0,0.0,0.0,28000000.0,https://img.a.transfermarkt.technology/portrait/header/931838-1696509259.jpg?lm=1,0.95,first_last,2026/27,Official Premier League squad list
661207.0,Oscar Bobb,Oscar Bobb,Fulham,Attack,Right Winger,23.0,40.0,1346.0,1.0,2.0,0.06686478454680535,0.1337295690936107,33.65,28000000.0,https://img.a.transfermarkt.technology/portrait/header/661207-1770716679.png?lm=1,1.0,exact,2026/27,Official Premier League squad list
900195.0,Kevin,Kevin Santos Lopes de Macedo,Fulham,Attack,Left Winger,23.0,26.0,1038.0,1.0,2.0,0.08670520231213873,0.17341040462427745,39.92307692307692,25000000.0,https://img.a.transfermarkt.technology/portrait/header/900195-1762354062.jpg?lm=1,1.0,manual_alias,2026/27,Official Premier League squad list
333014.0,Sander Berge,Sander Gard Bolin Berge,Fulham,Midfield,Defensive Midfield,28.0,132.0,10214.0,3.0,5.0,0.026434305854709222,0.04405717642451537,77.37878787878788,25000000.0,https://img.a.transfermarkt.technology/portrait/header/333014-1780049344.jpg?lm=1,0.95,first_last,2026/27,Official Premier League squad list
349701.0,Antonee Robinson,Antonee Robinson,Fulham,Defender,Left-Back,29.0,158.0,13180.0,1.0,17.0,0.006828528072837633,0.11608497723823975,83.41772151898734,22000000.0,https://img.a.transfermarkt.technology/portrait/header/349701-1703926612.jpg?lm=1,1.0,exact,2026/27,Official Premier League squad list
392775.0,Ryan Sessegnon,Kouassi Ryan Sessegnon,Fulham,Defender,Left-Back,26.0,116.0,6902.0,11.0,13.0,0.1434366850188351,0.16951608229498696,59.5,22000000.0,https://img.a.transfermarkt.technology/portrait/header/392775-1722077271.jpg?lm=1,1.0,fuzzy_strong,2026/27,Official Premier League squad list
242631.0,Alex Iwobi,Alexander Chuka Iwobi,Fulham,Attack,Left Winger,30.0,320.0,22248.0,35.0,39.0,0.14158576051779934,0.15776699029126215,69.525,20000000.0,https://img.a.transfermarkt.technology/portrait/header/242631-1679652866.jpg?lm=1,1.0,fuzzy_strong,2026/27,Official Premier League squad list
452483.0,David Affengruber,David Leopold Affengruber,Fulham,Defender,Centre-Back,25.0,0.0,0.0,0.0,0.0,0.0,0.0,0.0,20000000.0,https://img.a.transfermarkt.technology/portrait/header/452483-1779272314.jpg?lm=1,0.95,first_last,2026/27,Official Premier League squad list
392765.0,Emile Smith Rowe,Emile Smith Rowe,Fulham,Midfield,Attacking Midfield,26.0,151.0,7962.0,21.0,13.0,0.2373775433308214,0.146948003014318,52.728476821192054,20000000.0,https://img.a.transfermarkt.technology/portrait/header/392765-1684164628.jpg?lm=1,1.0,exact,2026/27,Official Premier League squad list
260827.0,Joachim Andersen,Joachim Christian Andersen,Fulham,Defender,Centre-Back,30.0,198.0,17396.0,4.0,8.0,0.020694412508622674,0.04138882501724535,87.85858585858585,20000000.0,https://img.a.transfermarkt.technology/portrait/header/260827-1668183482.jpg?lm=1,0.95,first_last,2026/27,Official Premier League squad list
735571.0,Rodrigo Muniz,Rodrigo Muniz Carvalho,Fulham,Attack,Centre-Forward,25.0,78.0,3546.0,18.0,3.0,0.45685279187817257,0.07614213197969542,45.46153846153846,20000000.0,https://img.a.transfermarkt.technology/portrait/header/735571-1657802369.jpg?lm=1,1.0,manual_alias,2026/27,Official Premier League squad list
747951.0,Shea Charles,Shea Emmanuel Charles,Fulham,Midfield,Defensive Midfield,22.0,1.0,27.0,0.0,0.0,0.0,0.0,27.0,15000000.0,https://img.a.transfermarkt.technology/portrait/header/747951-1709112622.jpg?lm=1,0.95,first_last,2026/27,Official Premier League squad list
494880.0,Jorge Cuenca,Jorge Cuenca Barreno,Fulham,Defender,Centre-Back,26.0,23.0,1288.0,0.0,0.0,0.0,0.0,56.0,8000000.0,https://img.a.transfermarkt.technology/portrait/header/494880-1737920132.jpg?lm=1,1.0,fuzzy_strong,2026/27,Official Premier League squad list
206746.0,Kenny Tete,Kenny Joelle Tete,Fulham,Defender,Right-Back,30.0,111.0,8499.0,3.0,8.0,0.03176844334627603,0.08471584892340275,76.56756756756756,8000000.0,https://img.a.transfermarkt.technology/portrait/header/206746-1746645948.jpg?lm=1,0.95,first_last,2026/27,Official Premier League squad list
262226.0,Timothy Castagne,Timothy Castagne,Fulham,Defender,Right-Back,30.0,179.0,13849.0,6.0,10.0,0.03899198498086504,0.06498664163477506,77.36871508379889,8000000.0,https://img.a.transfermarkt.technology/portrait/header/262226-1762354618.jpg?lm=1,1.0,exact,2026/27,Official Premier League squad list
72476.0,Bernd Leno,Bernd Leno,Fulham,Goalkeeper,Goalkeeper,34.0,251.0,22477.0,0.0,1.0,0.0,0.004004093072918984,89.54980079681275,6000000.0,https://img.a.transfermarkt.technology/portrait/header/72476-1774470314.jpg?lm=1,1.0,exact,2026/27,Official Premier League squad list
662746.0,César Pérez,Cesar Palacios Perez,Fulham,Midfield,Central Midfield,23.0,0.0,0.0,0.0,0.0,0.0,0.0,0.0,3000000.0,https://img.a.transfermarkt.technology/portrait/header/662746-1770650759.jpg?lm=1,0.95,first_last,2026/27,Official Premier League squad list
226973.0,Harrison Reed,Harrison James Reed,Fulham,Midfield,Central Midfield,31.0,131.0,7184.0,4.0,8.0,0.05011135857461024,0.10022271714922049,54.83969465648855,2000000.0,https://img.a.transfermarkt.technology/portrait/header/226973-1762354305.jpg?lm=1,0.95,first_last,2026/27,Official Premier League squad list
127181.0,Benjamin Lecomte,Benjamin Pascal Lecomte,Fulham,Goalkeeper,Goalkeeper,35.0,0.0,0.0,0.0,0.0,0.0,0.0,0.0,800000.0,https://img.a.transfermarkt.technology/portrait/header/127181-1702663657.JPG?lm=1,0.95,first_last,2026/27,Official Premier League squad list
123275.0,Tom Cairney,Thomas Cairney,Fulham,Midfield,Central Midfield,35.0,157.0,6786.0,9.0,6.0,0.11936339522546419,0.07957559681697612,43.22292993630573,500000.0,https://img.a.transfermarkt.technology/portrait/header/123275-1651652849.jpg?lm=1,1.0,fuzzy_strong,2026/27,Official Premier League squad list
33108.0,Gonzalo García,Gonzalo Garcia Torres,Fulham,Attack,Second Striker,42.0,0.0,0.0,0.0,0.0,0.0,0.0,0.0,300000.0,https://img.a.transfermarkt.technology/portrait/header/33108-1447860391.jpg?lm=1,1.0,exact,2026/27,Official Premier League squad list
624264.0,Charlie Allen,Michael Thomas Allen,Fulham,Midfield,Central Midfield,22.0,0.0,0.0,0.0,0.0,0.0,0.0,0.0,,https://img.a.transfermarkt.technology/portrait/header/default.jpg?lm=1,0.9492307692307693,fuzzy_strong,2026/27,Official Premier League squad list
,Manuel Ángel Moran Ibanez,Manuel Ángel Moran Ibanez,Fulham,Unknown,,,0.0,0.0,0.0,0.0,0.0,0.0,0.0,,,0.0,missing,2026/27,Official Premier League squad list
,Terrell Lawrence Isaiah Works,Terrell Lawrence Isaiah Works,Fulham,Unknown,,,0.0,0.0,0.0,0.0,0.0,0.0,0.0,,,0.0,missing,2026/27,Official Premier League squad list
554389.0,Konstantinos Tzolakis,Konstantinos Tzolakis,Hull City,Goalkeeper,Goalkeeper,23.0,0.0,0.0,0.0,0.0,0.0,0.0,0.0,18000000.0,https://img.a.transfermarkt.technology/portrait/header/554389-1757715592.png?lm=1,1.0,exact,2026/27,Official Premier League squad list
696589.0,Tim Iroegbunam,Timothy Emeka Iroegbunam,Hull City,Midfield,Central Midfield,23.0,59.0,2299.0,0.0,4.0,0.0,0.156589821661592,38.96610169491525,18000000.0,https://img.a.transfermarkt.technology/portrait/header/696589-1650877564.jpg?lm=1,0.9168421052631579,fuzzy_unique,2026/27,Official Premier League squad list
728733.0,Brooke Norton-Cuffy,Brooke Dion Nelson Norton-Cuffy,Hull City,Defender,Right-Back,22.0,0.0,0.0,0.0,0.0,0.0,0.0,0.0,15000000.0,https://img.a.transfermarkt.technology/portrait/header/728733-1736498622.jpg?lm=1,0.95,first_last,2026/27,Official Premier League squad list
670847.0,Mohamed-Ali Cho,Mohamed-Ali Cho,Hull City,Attack,Right Winger,22.0,0.0,0.0,0.0,0.0,0.0,0.0,0.0,15000000.0,https://img.a.transfermarkt.technology/portrait/header/670847-1756824395.jpg?lm=1,1.0,exact,2026/27,Official Premier League squad list
475416.0,Sorba Thomas,Benjamin Sorba William Thomas,Hull City,Attack,Left Winger,27.0,0.0,0.0,0.0,0.0,0.0,0.0,0.0,14000000.0,https://img.a.transfermarkt.technology/portrait/header/475416-1668520548.jpg?lm=1,0.8453658536585366,token_match,2026/27,Official Premier League squad list
1035765.0,Ilyas Ansah,Ilyas Ansah,Hull City,Attack,Centre-Forward,21.0,0.0,0.0,0.0,0.0,0.0,0.0,0.0,12000000.0,https://img.a.transfermarkt.technology/portrait/header/1035765-1755624476.jpg?lm=1,1.0,exact,2026/27,Official Premier League squad list
524315.0,Hidemasa Morita,Hidemasa Morita,Hull City,Midfield,Central Midfield,31.0,0.0,0.0,0.0,0.0,0.0,0.0,0.0,8000000.0,https://img.a.transfermarkt.technology/portrait/header/524315-1765307094.jpg?lm=1,1.0,exact,2026/27,Official Premier League squad list
1034853.0,Nobel Mendy,Nobel Mendy,Hull City,Defender,Centre-Back,22.0,0.0,0.0,0.0,0.0,0.0,0.0,0.0,7500000.0,https://img.a.transfermarkt.technology/portrait/header/1034853-1736244947.jpg?lm=1,1.0,exact,2026/27,Official Premier League squad list
503980.0,Joe Gelhardt,Joseph Paul Gelhardt,Hull City,Attack,Centre-Forward,24.0,35.0,938.0,2.0,6.0,0.19189765458422176,0.5756929637526652,26.8,7000000.0,https://img.a.transfermarkt.technology/portrait/header/503980-1557307981.png?lm=1,1.0,fuzzy_strong,2026/27,Official Premier League squad list
620313.0,Lucas Gourna-Douath,Lucas Dobe Nicolas Lucien Gourna-Douath,Hull City,Midfield,Defensive Midfield,23.0,0.0,0.0,0.0,0.0,0.0,0.0,0.0,6000000.0,https://img.a.transfermarkt.technology/portrait/header/620313-1758627856.png?lm=1,0.95,first_last,2026/27,Official Premier League squad list
687622.0,Elliot Stroud,Elliot Karl Stroud,Hull City,Midfield,Left Midfield,24.0,0.0,0.0,0.0,0.0,0.0,0.0,0.0,5000000.0,https://img.a.transfermarkt.technology/portrait/header/687622-1724893794.jpg?lm=1,0.95,first_last,2026/27,Official Premier League squad list
504581.0,Ryan Giles,Ryan John Giles,Hull City,Defender,Left-Back,26.0,11.0,501.0,0.0,0.0,0.0,0.0,45.54545454545455,4500000.0,https://img.a.transfermarkt.technology/portrait/header/504581-1639140648.jpg?lm=1,0.95,first_last,2026/27,Official Premier League squad list
857079.0,Mohamed Belloumi,Mohamed Elbachir Belloumi,Hull City,Attack,Right Winger,24.0,0.0,0.0,0.0,0.0,0.0,0.0,0.0,4000000.0,https://img.a.transfermarkt.technology/portrait/header/857079-1728290618.jpg?lm=1,0.95,first_last,2026/27,Official Premier League squad list
473080.0,Regan Slater,Regan Newman Slater,Hull City,Midfield,Defensive Midfield,27.0,0.0,0.0,0.0,0.0,0.0,0.0,0.0,3500000.0,https://img.a.transfermarkt.technology/portrait/header/473080-1643280542.jpg?lm=1,0.95,first_last,2026/27,Official Premier League squad list
250478.0,Matt Targett,Matthew Robert Targett,Hull City,Defender,Left-Back,31.0,164.0,12294.0,3.0,10.0,0.021961932650073207,0.07320644216691069,74.96341463414635,3000000.0,https://img.a.transfermarkt.technology/portrait/header/250478-1772541862.jpg?lm=1,1.0,fuzzy_strong,2026/27,Official Premier League squad list
298477.0,Oli McBurnie,Oliver Robert McBurnie,Hull City,Attack,Centre-Forward,30.0,96.0,5068.0,13.0,5.0,0.23086029992107338,0.0887924230465667,52.791666666666664,2500000.0,https://img.a.transfermarkt.technology/portrait/header/298477-1700672702.jpg?lm=1,0.8858823529411766,fuzzy_unique,2026/27,Official Premier League squad list
271495.0,Abdülkadir Ömür,Abdulkadir Omur,Hull City,Midfield,Right Midfield,27.0,0.0,0.0,0.0,0.0,0.0,0.0,0.0,1500000.0,https://img.a.transfermarkt.technology/portrait/header/271495-1757669130.jpg?lm=1,1.0,exact,2026/27,Official Premier League squad list
128899.0,Jack Butland,Jack Butland,Hull City,Goalkeeper,Goalkeeper,33.0,87.0,7740.0,0.0,0.0,0.0,0.0,88.96551724137932,1500000.0,https://img.a.transfermarkt.technology/portrait/header/128899-1672916012.jpg?lm=1,1.0,exact,2026/27,Official Premier League squad list
169416.0,Matt Crooks,Matt Davidson Rider Crooks,Hull City,Midfield,Attacking Midfield,32.0,0.0,0.0,0.0,0.0,0.0,0.0,0.0,1500000.0,https://img.a.transfermarkt.technology/portrait/header/169416-1665127328.jpg?lm=1,0.95,first_last,2026/27,Official Premier League squad list
167268.0,Paddy McNair,Patrick James Coleman McNair,Hull City,Defender,Centre-Back,31.0,33.0,1690.0,0.0,0.0,0.0,0.0,51.21212121212121,1500000.0,https://img.a.transfermarkt.technology/portrait/header/167268-1741027527.jpg?lm=1,1.0,manual_alias,2026/27,Official Premier League squad list
121324.0,John Egan,John Patrick Egan,Hull City,Defender,Centre-Back,33.0,73.0,6303.0,2.0,1.0,0.028557829604950027,0.014278914802475014,86.34246575342466,1000000.0,https://img.a.transfermarkt.technology/portrait/header/121324-1700673210.jpg?lm=1,0.95,first_last,2026/27,Official Premier League squad list
251912.0,Semi Ajayi,Oluwasemilogo Adesewo Ibidapo Ajayi,Hull City,Defender,Centre-Back,32.0,33.0,2780.0,2.0,0.0,0.06474820143884892,0.0,84.24242424242425,700000.0,https://img.a.transfermarkt.technology/portrait/header/251912-1707384080.jpg?lm=1,1.0,manual_alias,2026/27,Official Premier League squad list
308431.0,Dillon Phillips,Dillon Phillips,Hull City,Goalkeeper,Goalkeeper,31.0,0.0,0.0,0.0,0.0,0.0,0.0,0.0,450000.0,https://img.a.transfermarkt.technology/portrait/header/308431-1556522634.jpg?lm=1,1.0,exact,2026/27,Official Premier League squad list
,Charles Roger Hughes,Charles Roger Hughes,Hull City,Unknown,,,0.0,0.0,0.0,0.0,0.0,0.0,0.0,,,0.0,missing,2026/27,Official Premier League squad list
,Lewie Jacob Coyle,Lewie Jacob Coyle,Hull City,Unknown,,,0.0,0.0,0.0,0.0,0.0,0.0,0.0,,,0.0,missing,2026/27,Official Premier League squad list
401578.0,Exequiel Palacios,Exequiel Alejandro Palacios,Ipswich Town,Midfield,Central Midfield,27.0,0.0,0.0,0.0,0.0,0.0,0.0,0.0,25000000.0,https://img.a.transfermarkt.technology/portrait/header/401578-1695368200.jpg?lm=1,0.95,first_last,2026/27,Official Premier League squad list
660867.0,Julio Enciso,Julio Cesar Enciso Espinola,Ipswich Town,Midfield,Attacking Midfield,22.0,57.0,2437.0,6.0,7.0,0.2215839146491588,0.25851456709068527,42.75438596491228,25000000.0,https://img.a.transfermarkt.technology/portrait/header/660867-1782800837.jpg?lm=1,1.0,manual_alias,2026/27,Official Premier League squad list
864121.0,Abdul Fatawu,Issahaku Abdul Fatawu,Ipswich Town,Attack,Right Winger,22.0,11.0,577.0,0.0,2.0,0.0,0.3119584055459272,52.45454545454545,20000000.0,https://img.a.transfermarkt.technology/portrait/header/864121-1780562246.jpg?lm=1,1.0,fuzzy_strong,2026/27,Official Premier League squad list
596446.0,Leif Davis,Leif Davis,Ipswich Town,Defender,Left-Back,26.0,35.0,2777.0,1.0,3.0,0.03240907454087145,0.09722722362261432,79.34285714285714,20000000.0,https://img.a.transfermarkt.technology/portrait/header/596446-1738823882.jpg?lm=1,1.0,exact,2026/27,Official Premier League squad list
665390.0,Jaden Philogene,Jaden Richard Philogene-Bidace,Ipswich Town,Attack,Left Winger,24.0,24.0,808.0,2.0,0.0,0.22277227722772278,0.0,33.666666666666664,18000000.0,https://img.a.transfermarkt.technology/portrait/header/665390-1737014900.jpg?lm=1,0.9466666666666667,fuzzy_strong,2026/27,Official Premier League squad list
401320.0,Dara O'Shea,Dara Joseph O'Shea,Ipswich Town,Defender,Centre-Back,27.0,96.0,8121.0,3.0,6.0,0.03324713705208718,0.06649427410417436,84.59375,16000000.0,https://img.a.transfermarkt.technology/portrait/header/401320-1632909442.jpg?lm=1,0.95,first_last,2026/27,Official Premier League squad list
357162.0,Florentino,Florentino Ibrain Morris Luis,Ipswich Town,Midfield,Defensive Midfield,27.0,31.0,2114.0,0.0,2.0,0.0,0.08514664143803216,68.19354838709677,16000000.0,https://img.a.transfermarkt.technology/portrait/header/357162-1701295561.jpg?lm=1,1.0,manual_alias,2026/27,Official Premier League squad list
693095.0,Jacob Greaves,Jacob John Greaves,Ipswich Town,Defender,Centre-Back,26.0,25.0,2205.0,1.0,0.0,0.04081632653061225,0.0,88.2,16000000.0,https://img.a.transfermarkt.technology/portrait/header/693095-1727786112.jpg?lm=1,0.95,first_last,2026/27,Official Premier League squad list
559794.0,Jack Clarke,Jack Raymond Clarke,Ipswich Town,Attack,Left Winger,25.0,32.0,1170.0,0.0,4.0,0.0,0.3076923076923077,36.5625,15000000.0,https://img.a.transfermarkt.technology/portrait/header/559794-1708003059.jpg?lm=1,0.95,first_last,2026/27,Official Premier League squad list
715558.0,Marcelino Núñez,Marcelino Ignacio Nunez Espinoza,Ipswich Town,Midfield,Central Midfield,26.0,0.0,0.0,0.0,0.0,0.0,0.0,0.0,14000000.0,https://img.a.transfermarkt.technology/portrait/header/715558-1718987243.jpg?lm=1,1.0,manual_alias,2026/27,Official Premier League squad list
420931.0,Daizen Maeda,Daizen Maeda,Ipswich Town,Attack,Left Winger,28.0,0.0,0.0,0.0,0.0,0.0,0.0,0.0,13000000.0,https://img.a.transfermarkt.technology/portrait/header/420931-1780324672.jpg?lm=1,1.0,exact,2026/27,Official Premier League squad list
411537.0,Zian Flemming,Zian Flemming,Ipswich Town,Attack,Centre-Forward,28.0,29.0,1776.0,11.0,0.0,0.5574324324324325,0.0,61.241379310344826,12000000.0,https://img.a.transfermarkt.technology/portrait/header/411537-1741273915.jpg?lm=1,1.0,exact,2026/27,Official Premier League squad list
315145.0,Azor Matusiwa,Azor Melo Matusiwa,Ipswich Town,Midfield,Defensive Midfield,28.0,0.0,0.0,0.0,0.0,0.0,0.0,0.0,11000000.0,https://img.a.transfermarkt.technology/portrait/header/315145-1639675049.png?lm=1,0.95,first_last,2026/27,Official Premier League squad list
621193.0,Kasey McAteer,Kasey Ian Robert McAteer,Ipswich Town,Midfield,Right Midfield,24.0,18.0,853.0,1.0,1.0,0.10550996483001171,0.10550996483001171,47.388888888888886,10000000.0,https://img.a.transfermarkt.technology/portrait/header/621193-1731659829.jpg?lm=1,0.95,first_last,2026/27,Official Premier League squad list
245056.0,Saša Lukić,Sasa Lukic,Ipswich Town,Midfield,Central Midfield,30.0,92.0,5623.0,2.0,5.0,0.032011381824648764,0.08002845456162191,61.119565217391305,10000000.0,https://img.a.transfermarkt.technology/portrait/header/245056-1746645290.jpg?lm=1,1.0,exact,2026/27,Official Premier League squad list
272622.0,Issa Diop,Issa Laye Lucas Jean Diop,Ipswich Town,Defender,Centre-Back,29.0,173.0,13660.0,8.0,2.0,0.0527086383601757,0.013177159590043924,78.95953757225433,8000000.0,https://img.a.transfermarkt.technology/portrait/header/272622-1780316727.jpg?lm=1,0.95,first_last,2026/27,Official Premier League squad list
463527.0,Kjell Scherpen,Kjell Scherpen,Ipswich Town,Goalkeeper,Goalkeeper,26.0,0.0,0.0,0.0,0.0,0.0,0.0,0.0,8000000.0,https://img.a.transfermarkt.technology/portrait/header/463527-1772107351.jpg?lm=1,1.0,exact,2026/27,Official Premier League squad list
197642.0,Chuba Akpom,Chuba Amechi Akpom,Ipswich Town,Attack,Centre-Forward,30.0,4.0,28.0,0.0,1.0,0.0,3.214285714285714,7.0,6000000.0,https://img.a.transfermarkt.technology/portrait/header/197642-1678463529.jpg?lm=1,0.95,first_last,2026/27,Official Premier League squad list
351755.0,Darnell Furlong,Darnell Anthony Furlong,Ipswich Town,Defender,Right-Back,30.0,38.0,3155.0,1.0,3.0,0.028526148969889066,0.0855784469096672,83.02631578947368,3500000.0,https://img.a.transfermarkt.technology/portrait/header/351755-1484904459.jpg?lm=1,0.95,first_last,2026/27,Official Premier League squad list
458178.0,Jack Taylor,Jack Henry Taylor,Ipswich Town,Midfield,Central Midfield,28.0,32.0,838.0,1.0,0.0,0.10739856801909309,0.0,26.1875,3000000.0,https://img.a.transfermarkt.technology/portrait/header/458178-1706522764.jpg?lm=1,0.95,first_last,2026/27,Official Premier League squad list
364827.0,Cédric Kipré,Cedric Kipre,Ipswich Town,Defender,Centre-Back,29.0,0.0,0.0,0.0,0.0,0.0,0.0,0.0,2200000.0,https://img.a.transfermarkt.technology/portrait/header/364827-1723832143.png?lm=1,1.0,exact,2026/27,Official Premier League squad list
245625.0,Alex Palmer,Alexander Palmer,Ipswich Town,Goalkeeper,Goalkeeper,30.0,13.0,1170.0,0.0,0.0,0.0,0.0,90.0,900000.0,https://img.a.transfermarkt.technology/portrait/header/245625-1632908899.jpg?lm=1,1.0,fuzzy_strong,2026/27,Official Premier League squad list
208379.0,Christian Walton,Christian Timothy Walton,Ipswich Town,Goalkeeper,Goalkeeper,30.0,7.0,630.0,0.0,0.0,0.0,0.0,90.0,900000.0,https://img.a.transfermarkt.technology/portrait/header/208379-1720189930.jpg?lm=1,0.95,first_last,2026/27,Official Premier League squad list
160404.0,Marco da Silva,Emersonn Correia Da Silva,Ipswich Town,Midfield,Defensive Midfield,34.0,0.0,0.0,0.0,0.0,0.0,0.0,0.0,200000.0,https://img.a.transfermarkt.technology/portrait/header/s_160404_1423_2012_1.jpg?lm=1,1.0,fuzzy_strong,2026/27,Official Premier League squad list
530813.0,Anis Mehmeti,Anis Mehmeti,Ipswich Town,Midfield,Attacking Midfield,25.0,0.0,0.0,0.0,0.0,0.0,0.0,0.0,,https://img.a.transfermarkt.technology/portrait/header/530813-1680273487.jpg?lm=1,1.0,exact,2026/27,Official Premier League squad list
392771.0,Ethan Ampadu,Ethan Kwame Colm Raymond Ampadu,Leeds United,Midfield,Defensive Midfield,26.0,61.0,5224.0,1.0,1.0,0.017228177641653904,0.017228177641653904,85.63934426229508,30000000.0,https://img.a.transfermarkt.technology/portrait/header/392771-1658829697.jpg?lm=1,0.95,first_last,2026/27,Official Premier League squad list
344069.0,Anton Stach,Anton Levi Stach,Leeds United,Midfield,Defensive Midfield,27.0,29.0,2378.0,5.0,3.0,0.18923465096719932,0.1135407905803196,82.0,28000000.0,https://img.a.transfermarkt.technology/portrait/header/344069-1723921116.jpg?lm=1,0.95,first_last,2026/27,Official Premier League squad list
279455.0,Harry Wilson,Harry Wilson,Leeds United,Attack,Right Winger,29.0,156.0,8228.0,29.0,20.0,0.317209528439475,0.2187651920272241,52.743589743589745,25000000.0,https://img.a.transfermarkt.technology/portrait/header/279455-1782301614.jpg?lm=1,1.0,exact,2026/27,Official Premier League squad list
566799.0,James Trafford,James Harrington Trafford,Leeds United,Goalkeeper,Goalkeeper,23.0,32.0,2880.0,0.0,0.0,0.0,0.0,90.0,25000000.0,https://img.a.transfermarkt.technology/portrait/header/566799-1689876147.jpg?lm=1,0.95,first_last,2026/27,Official Premier League squad list
346890.0,Noah Okafor,Noah Arinzechukwu Okafor,Leeds United,Attack,Left Winger,26.0,28.0,1569.0,8.0,1.0,0.4588910133843212,0.05736137667304015,56.035714285714285,25000000.0,https://img.a.transfermarkt.technology/portrait/header/346890-1692879855.jpg?lm=1,0.95,first_last,2026/27,Official Premier League squad list
679423.0,Tarik Muharemović,Tarik Muharemovic,Leeds United,Defender,Centre-Back,23.0,0.0,0.0,0.0,0.0,0.0,0.0,0.0,25000000.0,https://img.a.transfermarkt.technology/portrait/header/679423-1751529111.jpg?lm=1,1.0,exact,2026/27,Official Premier League squad list
393323.0,Brenden Aaronson,Brenden Russell Aaronson,Leeds United,Midfield,Attacking Midfield,25.0,73.0,4853.0,5.0,8.0,0.09272614877395426,0.1483618380383268,66.47945205479452,22000000.0,https://img.a.transfermarkt.technology/portrait/header/393323-1691614083.jpg?lm=1,0.95,first_last,2026/27,Official Premier League squad list
306024.0,Dominic Calvert-Lewin,Dominic Calvert-Lewin,Leeds United,Attack,Centre-Forward,29.0,274.0,18492.0,71.0,21.0,0.345554834523037,0.10220635950681377,67.48905109489051,22000000.0,https://img.a.transfermarkt.technology/portrait/header/306024-1685705768.jpg?lm=1,1.0,exact,2026/27,Official Premier League squad list
362108.0,Gabriel Gudmundsson,Gabriel Johan Gudmundsson,Leeds United,Defender,Left-Back,27.0,32.0,2639.0,0.0,0.0,0.0,0.0,82.46875,20000000.0,https://img.a.transfermarkt.technology/portrait/header/362108-1666691160.jpg?lm=1,0.95,first_last,2026/27,Official Premier League squad list
371851.0,Jaka Bijol,Jaka Bijol,Leeds United,Defender,Centre-Back,27.0,25.0,1893.0,1.0,2.0,0.04754358161648178,0.09508716323296355,75.72,20000000.0,https://img.a.transfermarkt.technology/portrait/header/371851-1695029407.jpg?lm=1,1.0,exact,2026/27,Official Premier League squad list
297212.0,Joe Rodon,Joseph Peter Rodon,Leeds United,Defender,Centre-Back,28.0,50.0,3773.0,2.0,0.0,0.04770739464617015,0.0,75.46,18000000.0,https://img.a.transfermarkt.technology/portrait/header/297212-1666698393.jpg?lm=1,1.0,fuzzy_strong,2026/27,Official Premier League squad list
465717.0,Jayden Bogle,Jayden Ian Bogle,Leeds United,Defender,Right-Back,26.0,84.0,6706.0,6.0,4.0,0.08052490307187593,0.05368326871458396,79.83333333333333,15000000.0,https://img.a.transfermarkt.technology/portrait/header/465717-1764840719.jpg?lm=1,0.95,first_last,2026/27,Official Premier League squad list
346707.0,Sean Longstaff,Sean David Longstaff,Leeds United,Midfield,Central Midfield,28.0,194.0,11984.0,12.0,12.0,0.09012016021361817,0.09012016021361817,61.77319587628866,15000000.0,https://img.a.transfermarkt.technology/portrait/header/346707-1682341336.jpg?lm=1,0.95,first_last,2026/27,Official Premier League squad list
489359.0,Ao Tanaka,Ao Tanaka,Leeds United,Midfield,Central Midfield,28.0,28.0,1318.0,2.0,0.0,0.13657056145675267,0.0,47.07142857142857,13000000.0,https://img.a.transfermarkt.technology/portrait/header/489359-1780324258.jpg?lm=1,1.0,exact,2026/27,Official Premier League squad list
381753.0,Ilia Gruev,Ilia Gruev,Leeds United,Midfield,Defensive Midfield,26.0,23.0,1324.0,0.0,3.0,0.0,0.20392749244712993,57.56521739130435,12000000.0,https://img.a.transfermarkt.technology/portrait/header/381753-1724940121.jpg?lm=1,1.0,exact,2026/27,Official Premier League squad list
413220.0,James Justin,James Michael Justin,Leeds United,Defender,Right-Back,28.0,128.0,10148.0,6.0,7.0,0.053212455656286954,0.06208119826566812,79.28125,12000000.0,https://img.a.transfermarkt.technology/portrait/header/413220-1746646113.jpg?lm=1,0.95,first_last,2026/27,Official Premier League squad list
319301.0,Daniel James,Daniel Owen James,Leeds United,Attack,Right Winger,28.0,125.0,7062.0,12.0,13.0,0.15293118096856415,0.16567544604927784,56.496,10000000.0,https://img.a.transfermarkt.technology/portrait/header/319301-1668520687.jpg?lm=1,0.95,first_last,2026/27,Official Premier League squad list
314288.0,Lukas Nmecha,Lukas Okechukwu Nmecha,Leeds United,Attack,Centre-Forward,27.0,33.0,1087.0,6.0,1.0,0.49678012879484823,0.0827966881324747,32.93939393939394,10000000.0,https://img.a.transfermarkt.technology/portrait/header/314288-1657203640.jpg?lm=1,0.95,first_last,2026/27,Official Premier League squad list
532775.0,Melvin Bard,Melvin Michel Maxence Bard,Leeds United,Defender,Left-Back,25.0,0.0,0.0,0.0,0.0,0.0,0.0,0.0,10000000.0,https://img.a.transfermarkt.technology/portrait/header/532775-1756826939.jpg?lm=1,0.95,first_last,2026/27,Official Premier League squad list
192635.0,Nico Elvedi,Nico Elvedi,Leeds United,Defender,Centre-Back,29.0,0.0,0.0,0.0,0.0,0.0,0.0,0.0,8000000.0,https://img.a.transfermarkt.technology/portrait/header/192635-1691249306.jpg?lm=1,1.0,exact,2026/27,Official Premier League squad list
196813.0,Michael Zetterer,Michael Nikolaus Zetterer,Leeds United,Goalkeeper,Goalkeeper,31.0,0.0,0.0,0.0,0.0,0.0,0.0,0.0,4000000.0,https://img.a.transfermarkt.technology/portrait/header/196813-1757598019.jpg?lm=1,0.95,first_last,2026/27,Official Premier League squad list
834742.0,Mateo Joseph,Mateo Joseph Fernandez-Regatillo,Leeds United,Attack,Centre-Forward,22.0,3.0,24.0,0.0,0.0,0.0,0.0,8.0,3500000.0,https://img.a.transfermarkt.technology/portrait/header/834742-1749739164.jpg?lm=1,0.8254545454545453,name_parts,2026/27,Official Premier League squad list
194386.0,Alex Cairns,Alex Thomas Cairns,Leeds United,Goalkeeper,Goalkeeper,33.0,0.0,0.0,0.0,0.0,0.0,0.0,0.0,50000.0,https://img.a.transfermarkt.technology/portrait/header/194386-1724939306.jpg?lm=1,0.95,first_last,2026/27,Official Premier League squad list
451276.0,Dominik Szoboszlai,Dominik Szoboszlai,Liverpool,Midfield,Attacking Midfield,25.0,105.0,7841.0,15.0,16.0,0.1721719168473409,0.18365004463716364,74.67619047619047,100000000.0,https://img.a.transfermarkt.technology/portrait/header/451276-1758715234.jpg?lm=1,1.0,exact,2026/27,Official Premier League squad list
598577.0,Florian Wirtz,Florian Richard Wirtz,Liverpool,Midfield,Attacking Midfield,23.0,33.0,2390.0,5.0,4.0,0.18828451882845187,0.1506276150627615,72.42424242424242,100000000.0,https://img.a.transfermarkt.technology/portrait/header/598577-1781163178.jpg?lm=1,0.95,first_last,2026/27,Official Premier League squad list
349066.0,Alexander Isak,Alexander Isak,Liverpool,Attack,Centre-Forward,27.0,100.0,7268.0,57.0,11.0,0.705833791964777,0.13621353880022014,72.68,85000000.0,https://img.a.transfermarkt.technology/portrait/header/349066-1680791339.jpg?lm=1,1.0,exact,2026/27,Official Premier League squad list
709726.0,Hugo Ekitiké,Hugo Timothée Ekitike,Liverpool,Attack,Centre-Forward,24.0,28.0,1811.0,11.0,4.0,0.5466593042517945,0.19878520154610715,64.67857142857143,80000000.0,https://img.a.transfermarkt.technology/portrait/header/709726-1758714741.jpg?lm=1,0.95,first_last,2026/27,Official Premier League squad list
478573.0,Ryan Gravenberch,Ryan Jiro Gravenberch,Liverpool,Midfield,Defensive Midfield,24.0,99.0,7286.0,6.0,7.0,0.0741147405984079,0.08646719736480922,73.5959595959596,80000000.0,https://img.a.transfermarkt.technology/portrait/header/478573-1718097194.jpg?lm=1,0.95,first_last,2026/27,Official Premier League squad list
534033.0,Alexis Mac Allister,Alexis Mac Allister,Liverpool,Midfield,Central Midfield,27.0,203.0,14352.0,28.0,19.0,0.17558528428093645,0.11914715719063546,70.69950738916256,70000000.0,https://img.a.transfermarkt.technology/portrait/header/534033-1669835342.jpg?lm=1,1.0,exact,2026/27,Official Premier League squad list
708265.0,Bradley Barcola,Bradley Jean Manuel Essolisam Addo Barcola,Liverpool,Attack,Left Winger,24.0,0.0,0.0,0.0,0.0,0.0,0.0,0.0,70000000.0,https://img.a.transfermarkt.technology/portrait/header/708265-1780989250.jpg?lm=1,0.95,first_last,2026/27,Official Premier League squad list
434675.0,Cody Gakpo,Cody Gakpo,Liverpool,Attack,Left Winger,27.0,127.0,7798.0,32.0,18.0,0.36932546806873556,0.20774557578866376,61.40157480314961,60000000.0,https://img.a.transfermarkt.technology/portrait/header/434675-1682690965.jpg?lm=1,1.0,exact,2026/27,Official Premier League squad list
484547.0,Jeremie Frimpong,Jeremie Frimpong,Liverpool,Defender,Right-Back,25.0,21.0,1040.0,0.0,2.0,0.0,0.17307692307692307,49.523809523809526,35000000.0,https://img.a.transfermarkt.technology/portrait/header/484547-1689710682.jpg?lm=1,1.0,exact,2026/27,Official Premier League squad list
730861.0,Milos Kerkez,Milos Kerkez,Liverpool,Defender,Left-Back,22.0,100.0,7579.0,4.0,8.0,0.04749967014117957,0.09499934028235914,75.79,35000000.0,https://img.a.transfermarkt.technology/portrait/header/730861-1773172293.jpg?lm=1,1.0,exact,2026/27,Official Premier League squad list
935231.0,Víctor Muñoz,Victor Munoz Villanueva,Liverpool,Attack,Left Winger,23.0,0.0,0.0,0.0,0.0,0.0,0.0,0.0,30000000.0,https://img.a.transfermarkt.technology/portrait/header/935231-1747037145.jpg?lm=1,1.0,manual_alias,2026/27,Official Premier League squad list
502676.0,Giorgi Mamardashvili,Giorgi Mamardashvili,Liverpool,Goalkeeper,Goalkeeper,25.0,10.0,868.0,0.0,0.0,0.0,0.0,86.8,28000000.0,https://img.a.transfermarkt.technology/portrait/header/502676-1716542116.jpg?lm=1,1.0,exact,2026/27,Official Premier League squad list
624258.0,Conor Bradley,Conor Bradley,Liverpool,Defender,Right-Back,23.0,45.0,2441.0,1.0,7.0,0.0368701351904957,0.2580909463334699,54.24444444444445,25000000.0,https://img.a.transfermarkt.technology/portrait/header/624258-1762340233.jpg?lm=1,1.0,exact,2026/27,Official Premier League squad list
480267.0,Ronald Araujo,Ronald Federico Araujo da Silva,Liverpool,Defender,Centre-Back,27.0,0.0,0.0,0.0,0.0,0.0,0.0,0.0,20000000.0,https://img.a.transfermarkt.technology/portrait/header/480267-1736431980.jpg?lm=1,1.0,manual_alias,2026/27,Official Premier League squad list
105470.0,Alisson,Alisson Ramses Becker,Liverpool,Goalkeeper,Goalkeeper,33.0,255.0,22874.0,1.0,3.0,0.00393459823380257,0.011803794701407713,89.70196078431373,15000000.0,https://img.a.transfermarkt.technology/portrait/header/105470-1780389358.jpg?lm=1,1.0,exact,2026/27,Official Premier League squad list
139208.0,Virgil van Dijk,Virgil Van Dijk,Liverpool,Defender,Centre-Back,35.0,339.0,30166.0,31.0,11.0,0.09248823178412782,0.032818404826626006,88.98525073746313,15000000.0,https://img.a.transfermarkt.technology/portrait/header/139208-1702049837.jpg?lm=1,1.0,exact,2026/27,Official Premier League squad list
341092.0,Federico Chiesa,Federico Chiesa,Liverpool,Attack,Right Winger,28.0,32.0,422.0,2.0,1.0,0.4265402843601896,0.2132701421800948,13.1875,13000000.0,https://img.a.transfermarkt.technology/portrait/header/341092-1663576975.jpg?lm=1,1.0,exact,2026/27,Official Premier League squad list
256178.0,Joe Gomez,Joseph David Gomez,Liverpool,Defender,Centre-Back,29.0,170.0,10674.0,0.0,7.0,0.0,0.05902192242833052,62.78823529411765,13000000.0,https://img.a.transfermarkt.technology/portrait/header/256178-1746645094.jpg?lm=1,1.0,manual_alias,2026/27,Official Premier League squad list
486604.0,Vitezslav Jaros,Vitezslav Jaros,Liverpool,Goalkeeper,Goalkeeper,25.0,1.0,11.0,0.0,0.0,0.0,0.0,11.0,5000000.0,https://img.a.transfermarkt.technology/portrait/header/486604-1696603392.jpg?lm=1,1.0,exact,2026/27,Official Premier League squad list
338070.0,Konstantinos Tsimikas,Konstantinos Tsimikas,Liverpool,Defender,Left-Back,30.0,66.0,3157.0,0.0,10.0,0.0,0.2850807728856509,47.833333333333336,4500000.0,https://img.a.transfermarkt.technology/portrait/header/338070-1682088468.jpg?lm=1,1.0,exact,2026/27,Official Premier League squad list
146310.0,Wataru Endo,Wataru Endo,Liverpool,Midfield,Defensive Midfield,33.0,57.0,2150.0,1.0,1.0,0.04186046511627907,0.04186046511627907,37.719298245614034,4000000.0,https://img.a.transfermarkt.technology/portrait/header/146310-1657181542.jpg?lm=1,1.0,exact,2026/27,Official Premier League squad list
226049.0,Freddie Woodman,Frederick John Woodman,Liverpool,Goalkeeper,Goalkeeper,29.0,7.0,572.0,0.0,0.0,0.0,0.0,81.71428571428571,3000000.0,https://img.a.transfermarkt.technology/portrait/header/226049-1737883837.jpg?lm=1,0.8827027027027028,fuzzy_unique,2026/27,Official Premier League squad list
845289.0,James McConnell,James William McConnell,Liverpool,Midfield,Defensive Midfield,22.0,3.0,3.0,0.0,0.0,0.0,0.0,1.0,2000000.0,https://img.a.transfermarkt.technology/portrait/header/845289-1698353591.jpg?lm=1,0.95,first_last,2026/27,Official Premier League squad list
670861.0,Luke Chambers,Luke Chambers,Liverpool,Defender,Centre-Back,22.0,0.0,0.0,0.0,0.0,0.0,0.0,0.0,1500000.0,https://img.a.transfermarkt.technology/portrait/header/670861-1698353801.jpg?lm=1,1.0,exact,2026/27,Official Premier League squad list
670843.0,Isaac Mabaya,Isaac Angus Mabaya,Liverpool,Defender,Right-Back,21.0,0.0,0.0,0.0,0.0,0.0,0.0,0.0,,https://img.a.transfermarkt.technology/portrait/header/670843-1655974029.jpg?lm=1,0.95,first_last,2026/27,Official Premier League squad list
418560.0,Erling Haaland,Erling Braut Haaland,Manchester City,Attack,Centre-Forward,26.0,132.0,11037.0,112.0,23.0,0.9132916553411253,0.18755096493612394,83.61363636363636,200000000.0,https://img.a.transfermarkt.technology/portrait/header/418560-1709108116.png?lm=1,0.95,first_last,2026/27,Official Premier League squad list
648195.0,Enzo Fernández,Enzo Jeremias Fernandez,Manchester City,Midfield,Central Midfield,25.0,118.0,9836.0,19.0,15.0,0.1738511590077267,0.13725091500610004,83.35593220338983,90000000.0,https://img.a.transfermarkt.technology/portrait/header/648195-1669894717.jpg?lm=1,0.95,first_last,2026/27,Official Premier League squad list
607223.0,Rayan Cherki,Mathis Rayan Cherki,Manchester City,Midfield,Attacking Midfield,23.0,33.0,1786.0,4.0,12.0,0.20156774916013437,0.604703247480403,54.121212121212125,90000000.0,https://img.a.transfermarkt.technology/portrait/header/607223-1773302431.jpg?lm=1,1.0,fuzzy_strong,2026/27,Official Premier League squad list
583255.0,Antoine Semenyo,Antoine Serlom Semenyo,Manchester City,Attack,Right Winger,26.0,118.0,8779.0,37.0,12.0,0.3793142726962068,0.1230208451987698,74.39830508474576,80000000.0,https://img.a.transfermarkt.technology/portrait/header/583255-1737452028.jpg?lm=1,0.95,first_last,2026/27,Official Premier League squad list
567576.0,Elliot Anderson,Elliot Junior Anderson,Manchester City,Midfield,Central Midfield,23.0,119.0,7503.0,6.0,13.0,0.07197121151539385,0.15593762495002,63.05042016806723,75000000.0,https://img.a.transfermarkt.technology/portrait/header/567576-1696453772.jpg?lm=1,0.95,first_last,2026/27,Official Premier League squad list
486049.0,Jérémy Doku,Jeremy Baffour Doku,Manchester City,Attack,Left Winger,24.0,88.0,4894.0,11.0,23.0,0.20228851655087862,0.4229668982427462,55.61363636363637,75000000.0,https://img.a.transfermarkt.technology/portrait/header/486049-1743670159.jpg?lm=1,0.95,first_last,2026/27,Official Premier League squad list
475959.0,Josko Gvardiol,Josko Gvardiol,Manchester City,Defender,Centre-Back,24.0,83.0,6983.0,11.0,4.0,0.14177287698696833,0.05155377344980667,84.13253012048193,70000000.0,https://img.a.transfermarkt.technology/portrait/header/475959-1713391602.jpg?lm=1,1.0,exact,2026/27,Official Premier League squad list
392757.0,Marc Guéhi,Addji Keaninkin Marc-Israel Guehi,Manchester City,Defender,Centre-Back,26.0,167.0,14786.0,9.0,8.0,0.054781550114973626,0.048694711213309885,88.53892215568862,70000000.0,https://img.a.transfermarkt.technology/portrait/header/392757-1683030598.jpg?lm=1,0.7251162790697674,token_match,2026/27,Official Premier League squad list
406635.0,Phil Foden,Philip Walter Foden,Manchester City,Midfield,Attacking Midfield,26.0,225.0,13593.0,68.0,33.0,0.45023173692341645,0.21849481350695213,60.413333333333334,70000000.0,https://img.a.transfermarkt.technology/portrait/header/406635-1668524492.jpg?lm=1,0.9896551724137931,fuzzy_strong,2026/27,Official Premier League squad list
623570.0,Iliman Ndiaye,Iliman Cheikh Baroy Ndiaye,Manchester City,Attack,Right Winger,26.0,66.0,5240.0,15.0,3.0,0.25763358778625955,0.05152671755725191,79.39393939393939,55000000.0,https://img.a.transfermarkt.technology/portrait/header/623570-1765811829.jpg?lm=1,0.95,first_last,2026/27,Official Premier League squad list
258004.0,Rúben Dias,Ruben Dos Santos Gato Alves Dias,Manchester City,Defender,Centre-Back,29.0,170.0,14212.0,5.0,4.0,0.03166338305657191,0.025330706445257527,83.6,55000000.0,https://img.a.transfermarkt.technology/portrait/header/258004-1684921271.jpg?lm=1,0.95,first_last,2026/27,Official Premier League squad list
763079.0,Abdukodir Khusanov,Abdukodir Khusanov,Manchester City,Defender,Centre-Back,22.0,27.0,1933.0,0.0,0.0,0.0,0.0,71.5925925925926,50000000.0,https://img.a.transfermarkt.technology/portrait/header/763079-1740493347.jpg?lm=1,1.0,exact,2026/27,Official Premier League squad list
601883.0,Matheus Nunes,Matheus Luiz Nunes,Manchester City,Defender,Right-Back,28.0,113.0,7849.0,3.0,16.0,0.034399286533316344,0.1834628615110205,69.46017699115045,50000000.0,https://img.a.transfermarkt.technology/portrait/header/601883-1761076097.jpg?lm=1,0.95,first_last,2026/27,Official Premier League squad list
315858.0,Gianluigi Donnarumma,Gianluigi Donnarumma,Manchester City,Goalkeeper,Goalkeeper,27.0,34.0,3060.0,0.0,0.0,0.0,0.0,90.0,45000000.0,https://img.a.transfermarkt.technology/portrait/header/315858-1761076746.jpg?lm=1,1.0,exact,2026/27,Official Premier League squad list
578391.0,Rayan Aït-Nouri,Rayan Ait-Nouri,Manchester City,Defender,Left-Back,25.0,152.0,10750.0,9.0,15.0,0.07534883720930233,0.12558139534883722,70.72368421052632,40000000.0,https://img.a.transfermarkt.technology/portrait/header/578391-1761076429.jpg?lm=1,1.0,exact,2026/27,Official Premier League squad list
701057.0,Rico Lewis,Rico Mark Lewis,Manchester City,Defender,Right-Back,21.0,69.0,4005.0,3.0,3.0,0.06741573033707865,0.06741573033707865,58.04347826086956,28000000.0,https://img.a.transfermarkt.technology/portrait/header/701057-1684856684.jpg?lm=1,0.95,first_last,2026/27,Official Premier League squad list
51471.0,Mateo Kovacic,Mateo Kovacic,Manchester City,Midfield,Central Midfield,32.0,209.0,12774.0,11.0,16.0,0.07750117426021606,0.11272898074213246,61.119617224880386,10000000.0,https://img.a.transfermarkt.technology/portrait/header/51471-1682668192.jpg?lm=1,1.0,exact,2026/27,Official Premier League squad list
229604.0,Gerónimo Rulli,Geronimo Rulli,Manchester City,Goalkeeper,Goalkeeper,34.0,0.0,0.0,0.0,0.0,0.0,0.0,0.0,6000000.0,https://img.a.transfermarkt.technology/portrait/header/229604-1698670758.jpg?lm=1,1.0,exact,2026/27,Official Premier League squad list
126422.0,Allan,Allan Andrade Elias,Manchester City,Midfield,Defensive Midfield,35.0,52.0,4239.0,0.0,2.0,0.0,0.04246284501061571,81.51923076923077,1000000.0,https://img.a.transfermarkt.technology/portrait/header/126422-1448529525.jpg?lm=1,1.0,exact,2026/27,Official Premier League squad list
116648.0,Marcus Bettinelli,Marcus Bettinelli,Manchester City,Goalkeeper,Goalkeeper,34.0,7.0,630.0,0.0,0.0,0.0,0.0,90.0,300000.0,https://img.a.transfermarkt.technology/portrait/header/116648-1700671752.jpg?lm=1,1.0,exact,2026/27,Official Premier League squad list
627442.0,Benjamin Sesko,Benjamin Sesko,Manchester United,Attack,Centre-Forward,23.0,30.0,1637.0,11.0,1.0,0.6047648136835675,0.05497861942577886,54.56666666666667,75000000.0,https://img.a.transfermarkt.technology/portrait/header/627442-1779803478.jpg?lm=1,1.0,exact,2026/27,Official Premier League squad list
413039.0,Bryan Mbeumo,Bryan Tetsadong Marceau Mbeumo,Manchester United,Attack,Right Winger,27.0,169.0,13847.0,53.0,32.0,0.34447894850870225,0.20798728966563154,81.93491124260355,75000000.0,https://img.a.transfermarkt.technology/portrait/header/413039-1769532496.jpg?lm=1,0.95,first_last,2026/27,Official Premier League squad list
517894.0,Matheus Cunha,Matheus Santos Carneiro da Cunha,Manchester United,Attack,Centre-Forward,27.0,115.0,8532.0,39.0,17.0,0.4113924050632911,0.1793248945147679,74.19130434782609,75000000.0,https://img.a.transfermarkt.technology/portrait/header/517894-1780390711.jpg?lm=1,1.0,exact,2026/27,Official Premier League squad list
973085.0,Carlos Baleba,Carlos Noom Quomah Baleba,Manchester United,Midfield,Defensive Midfield,22.0,92.0,5655.0,3.0,1.0,0.04774535809018567,0.015915119363395226,61.46739130434783,55000000.0,https://img.a.transfermarkt.technology/portrait/header/973085-1666690662.jpg?lm=1,0.95,first_last,2026/27,Official Premier League squad list
536835.0,Amad Diallo,Amad Diallo,Manchester United,Attack,Right Winger,24.0,70.0,4804.0,11.0,14.0,0.20607826810990842,0.2622814321398834,68.62857142857143,45000000.0,https://img.a.transfermarkt.technology/portrait/header/536835-1747857754.jpg?lm=1,1.0,exact,2026/27,Official Premier League squad list
743600.0,Andrey Santos,Andrey Nascimento dos Santos,Manchester United,Midfield,Central Midfield,22.0,28.0,1262.0,1.0,0.0,0.07131537242472266,0.0,45.07142857142857,40000000.0,https://img.a.transfermarkt.technology/portrait/header/743600-1732576153.png?lm=1,0.95,first_last,2026/27,Official Premier League squad list
480762.0,Lisandro Martínez,Lisandro Martinez,Manchester United,Defender,Centre-Back,28.0,76.0,5750.0,3.0,2.0,0.04695652173913043,0.03130434782608696,75.65789473684211,40000000.0,https://img.a.transfermarkt.technology/portrait/header/480762-1680681507.jpg?lm=1,1.0,exact,2026/27,Official Premier League squad list
258923.0,Marcus Rashford,Marcus Rashford,Manchester United,Attack,Left Winger,28.0,297.0,20122.0,89.0,52.0,0.39807176225027335,0.2325812543484743,67.75084175084174,40000000.0,https://img.a.transfermarkt.technology/portrait/header/258923-1674473054.jpg?lm=1,1.0,exact,2026/27,Official Premier League squad list
240306.0,Bruno Fernandes,Bruno Miguel Borges Fernandes,Manchester United,Midfield,Attacking Midfield,32.0,230.0,19951.0,71.0,72.0,0.32028469750889677,0.3247957495864869,86.74347826086957,35000000.0,https://img.a.transfermarkt.technology/portrait/header/240306-1683882766.jpg?lm=1,0.95,first_last,2026/27,Official Premier League squad list
926952.0,Patrick Dorgu,Patrick Chinazaekpere Dorgu,Manchester United,Attack,Left Winger,21.0,38.0,2288.0,4.0,4.0,0.15734265734265734,0.15734265734265734,60.21052631578947,35000000.0,https://img.a.transfermarkt.technology/portrait/header/926952-1747857569.jpg?lm=1,0.95,first_last,2026/27,Official Premier League squad list
503883.0,Senne Lammens,Senne Lammens,Manchester United,Goalkeeper,Goalkeeper,24.0,32.0,2880.0,0.0,0.0,0.0,0.0,90.0,35000000.0,https://img.a.transfermarkt.technology/portrait/header/503883-1755675220.jpg?lm=1,1.0,exact,2026/27,Official Premier League squad list
326031.0,Matthijs de Ligt,Matthijs De Ligt,Manchester United,Defender,Centre-Back,27.0,42.0,3298.0,3.0,0.0,0.0818677986658581,0.0,78.52380952380952,30000000.0,https://img.a.transfermarkt.technology/portrait/header/326031-1700659567.jpg?lm=1,1.0,exact,2026/27,Official Premier League squad list
249565.0,Youri Tielemans,Youri Marion A. Tielemans,Manchester United,Midfield,Central Midfield,29.0,244.0,18785.0,26.0,38.0,0.1245674740484429,0.1820601543784935,76.98770491803279,30000000.0,https://img.a.transfermarkt.technology/portrait/header/249565-1716886438.jpg?lm=1,0.95,first_last,2026/27,Official Premier League squad list
476701.0,Manuel Ugarte,Manuel Ugarte Ribeiro,Manchester United,Midfield,Defensive Midfield,25.0,51.0,2673.0,1.0,2.0,0.03367003367003367,0.06734006734006734,52.411764705882355,25000000.0,https://img.a.transfermarkt.technology/portrait/header/476701-1715107512.jpg?lm=1,1.0,manual_alias,2026/27,Official Premier League squad list
346483.0,Mason Mount,Mason Tony Mount,Manchester United,Midfield,Attacking Midfield,27.0,183.0,11940.0,32.0,24.0,0.2412060301507538,0.18090452261306533,65.24590163934427,25000000.0,https://img.a.transfermarkt.technology/portrait/header/346483-1683291495.jpg?lm=1,0.95,first_last,2026/27,Official Premier League squad list
435648.0,Joshua Zirkzee,Joshua Orobosa Zirkzee,Manchester United,Attack,Centre-Forward,25.0,56.0,2003.0,5.0,3.0,0.22466300549176238,0.13479780329505742,35.767857142857146,20000000.0,https://img.a.transfermarkt.technology/portrait/header/435648-1775738266.jpg?lm=1,0.95,first_last,2026/27,Official Premier League squad list
340456.0,Noussair Mazraoui,Noussair Mazraoui,Manchester United,Defender,Right-Back,28.0,57.0,3833.0,0.0,2.0,0.0,0.04696060527002348,67.24561403508773,18000000.0,https://img.a.transfermarkt.technology/portrait/header/340456-1783200177.jpg?lm=1,1.0,exact,2026/27,Official Premier League squad list
177907.0,Harry Maguire,Harry Jacob Maguire,Manchester United,Defender,Centre-Back,33.0,291.0,23224.0,15.0,12.0,0.058129521184981055,0.04650361694798484,79.80756013745705,8000000.0,https://img.a.transfermarkt.technology/portrait/header/177907-1663841733.jpg?lm=1,0.95,first_last,2026/27,Official Premier League squad list
183288.0,Luke Shaw,Luke Paul Hoare Shaw,Manchester United,Defender,Left-Back,31.0,296.0,23685.0,4.0,20.0,0.01519949335022166,0.0759974667511083,80.01689189189189,8000000.0,https://img.a.transfermarkt.technology/portrait/header/183288-1668500175.jpg?lm=1,0.95,first_last,2026/27,Official Premier League squad list
620362.0,Dermot Mee,Dermot William Mee,Manchester United,Goalkeeper,Goalkeeper,23.0,0.0,0.0,0.0,0.0,0.0,0.0,0.0,200000.0,https://img.a.transfermarkt.technology/portrait/header/620362-1746691943.jpg?lm=1,0.95,first_last,2026/27,Official Premier League squad list
99397.0,Karl Darlow,Karl Darlow,Manchester United,Goalkeeper,Goalkeeper,35.0,74.0,6660.0,0.0,0.0,0.0,0.0,90.0,200000.0,https://img.a.transfermarkt.technology/portrait/header/99397-1724939153.jpg?lm=1,1.0,exact,2026/27,Official Premier League squad list
34130.0,Tom Heaton,Thomas David Heaton,Manchester United,Goalkeeper,Goalkeeper,40.0,78.0,6961.0,0.0,0.0,0.0,0.0,89.24358974358974,100000.0,https://img.a.transfermarkt.technology/portrait/header/34130-1688121718.jpg?lm=1,1.0,fuzzy_strong,2026/27,Official Premier League squad list
502661.0,Diogo Teixeira,Jose Diogo Dalot Teixeira,Manchester United,Midfield,Central Midfield,27.0,0.0,0.0,0.0,0.0,0.0,0.0,0.0,50000.0,https://img.a.transfermarkt.technology/portrait/header/502661-1548232728.jpg?lm=1,0.977948717948718,fuzzy_strong,2026/27,Official Premier League squad list
521964.0,Malick Thiaw,Malick Thiaw,Newcastle United,Defender,Centre-Back,25.0,35.0,2964.0,4.0,0.0,0.1214574898785425,0.0,84.68571428571428,45000000.0,https://img.a.transfermarkt.technology/portrait/header/521964-1682063635.jpg?lm=1,1.0,exact,2026/27,Official Premier League squad list
503981.0,Tino Livramento,Valentino Livramento,Newcastle United,Defender,Right-Back,23.0,110.0,7706.0,2.0,4.0,0.023358422008824292,0.046716844017648584,70.05454545454545,45000000.0,https://img.a.transfermarkt.technology/portrait/header/503981-1699383321.jpg?lm=1,1.0,fuzzy_strong,2026/27,Official Premier League squad list
670858.0,Lewis Hall,Lewis Hall,Newcastle United,Defender,Left-Back,22.0,84.0,5806.0,2.0,6.0,0.031002411298656565,0.09300723389596968,69.11904761904762,40000000.0,https://img.a.transfermarkt.technology/portrait/header/670858-1699385942.jpg?lm=1,1.0,exact,2026/27,Official Premier League squad list
466805.0,Nico González,Nicolas Gonzalez Iglesias,Newcastle United,Midfield,Defensive Midfield,24.0,36.0,2331.0,2.0,0.0,0.07722007722007722,0.0,64.75,40000000.0,https://img.a.transfermarkt.technology/portrait/header/466805-1743669968.jpg?lm=1,1.0,exact,2026/27,Official Premier League squad list
503749.0,Jacob Ramsey,Jacob Matthew Decourcey Ramsey,Newcastle United,Midfield,Central Midfield,25.0,164.0,9664.0,16.0,17.0,0.1490066225165563,0.15831953642384106,58.926829268292686,35000000.0,https://img.a.transfermarkt.technology/portrait/header/503749-1687975464.jpg?lm=1,0.95,first_last,2026/27,Official Premier League squad list
361093.0,Sven Botman,Sven Adriaan Botman,Newcastle United,Defender,Centre-Back,26.0,86.0,6761.0,3.0,3.0,0.03993492086969383,0.03993492086969383,78.61627906976744,35000000.0,https://img.a.transfermarkt.technology/portrait/header/361093-1683290679.jpg?lm=1,0.95,first_last,2026/27,Official Premier League squad list
583189.0,Anthony Elanga,Anthony David Junior Elanga,Newcastle United,Attack,Right Winger,24.0,145.0,8048.0,14.0,24.0,0.15656063618290258,0.268389662027833,55.50344827586207,32000000.0,https://img.a.transfermarkt.technology/portrait/header/583189-1700739021.jpg?lm=1,0.95,first_last,2026/27,Official Premier League squad list
398065.0,Harvey Barnes,Harvey Lewis Barnes,Newcastle United,Attack,Left Winger,28.0,237.0,14389.0,56.0,34.0,0.35026756550142474,0.21266245048300786,60.71308016877637,32000000.0,https://img.a.transfermarkt.technology/portrait/header/398065-1761079974.jpg?lm=1,0.95,first_last,2026/27,Official Premier League squad list
609556.0,William Osula,William Idamudia Daugaard Osula,Newcastle United,Attack,Centre-Forward,23.0,59.0,1719.0,8.0,0.0,0.418848167539267,0.0,29.135593220338983,28000000.0,https://img.a.transfermarkt.technology/portrait/header/609556-1693217416.jpg?lm=1,0.95,first_last,2026/27,Official Premier League squad list
333241.0,Joelinton,Joelinton Cassio Apolinario De Lira,Newcastle United,Midfield,Central Midfield,30.0,212.0,15550.0,24.0,12.0,0.13890675241157555,0.06945337620578777,73.34905660377359,25000000.0,https://img.a.transfermarkt.technology/portrait/header/333241-1674210135.jpg?lm=1,1.0,manual_alias,2026/27,Official Premier League squad list
388165.0,Yoane Wissa,Yoane Wissa,Newcastle United,Attack,Centre-Forward,30.0,156.0,8831.0,46.0,13.0,0.4688030800588835,0.13248782697316272,56.60897435897436,25000000.0,https://img.a.transfermarkt.technology/portrait/header/388165-1740646948.jpg?lm=1,1.0,exact,2026/27,Official Premier League squad list
629773.0,Lukas Hornicek,Lukas Hornicek,Newcastle United,Goalkeeper,Goalkeeper,24.0,0.0,0.0,0.0,0.0,0.0,0.0,0.0,18000000.0,https://img.a.transfermarkt.technology/portrait/header/629773-1732826321.jpg?lm=1,1.0,exact,2026/27,Official Premier League squad list
519184.0,Amar Dedić,Amar Dedic,Newcastle United,Defender,Right-Back,24.0,0.0,0.0,0.0,0.0,0.0,0.0,0.0,16000000.0,https://img.a.transfermarkt.technology/portrait/header/519184-1758058581.jpg?lm=1,1.0,exact,2026/27,Official Premier League squad list
340329.0,Joe Willock,Joseph George Willock,Newcastle United,Midfield,Central Midfield,27.0,183.0,9297.0,15.0,11.0,0.1452081316553727,0.10648596321393998,50.80327868852459,14000000.0,https://img.a.transfermarkt.technology/portrait/header/340329-1761077592.jpg?lm=1,1.0,fuzzy_strong,2026/27,Official Premier League squad list
199527.0,Jacob Murphy,Jacob Kai Murphy,Newcastle United,Attack,Right Winger,31.0,218.0,10965.0,22.0,30.0,0.18057455540355677,0.24623803009575923,50.29816513761468,12000000.0,https://img.a.transfermarkt.technology/portrait/header/199527-1674210561.jpg?lm=1,0.95,first_last,2026/27,Official Premier League squad list
192080.0,Nick Pope,Nicholas David Pope,Newcastle United,Goalkeeper,Goalkeeper,34.0,248.0,22199.0,0.0,0.0,0.0,0.0,89.51209677419355,5000000.0,https://img.a.transfermarkt.technology/portrait/header/192080-1663841362.jpg?lm=1,0.9514285714285713,fuzzy_strong,2026/27,Official Premier League squad list
134270.0,Dan Burn,Daniel Johnson Burn,Newcastle United,Defender,Centre-Back,34.0,236.0,19386.0,7.0,7.0,0.032497678737233054,0.032497678737233054,82.14406779661017,4000000.0,https://img.a.transfermarkt.technology/portrait/header/134270-1682340860.jpg?lm=1,0.9725925925925925,fuzzy_strong,2026/27,Official Premier League squad list
135343.0,Fabian Schär,Fabian Lukas Schar,Newcastle United,Defender,Centre-Back,34.0,211.0,17377.0,18.0,7.0,0.09322667894343098,0.036254819589112044,82.35545023696683,4000000.0,https://img.a.transfermarkt.technology/portrait/header/135343-1667990394.jpg?lm=1,0.95,first_last,2026/27,Official Premier League squad list
142389.0,Mark Gillespie,Mark Joseph Gillespie,Newcastle United,Goalkeeper,Goalkeeper,34.0,0.0,0.0,0.0,0.0,0.0,0.0,0.0,100000.0,https://img.a.transfermarkt.technology/portrait/header/142389-1746646196.jpg?lm=1,0.95,first_last,2026/27,Official Premier League squad list
429014.0,Morgan Gibbs-White,Morgan Anthony Gibbs-White,Nottingham Forest,Midfield,Attacking Midfield,26.0,191.0,13451.0,33.0,33.0,0.22080142740316705,0.22080142740316705,70.42408376963351,70000000.0,https://img.a.transfermarkt.technology/portrait/header/429014-1687975822.jpg?lm=1,0.95,first_last,2026/27,Official Premier League squad list
1005649.0,Murillo,Murillo Santiago Costa Dos Santos,Nottingham Forest,Defender,Centre-Back,24.0,93.0,8117.0,3.0,2.0,0.033263521005297524,0.022175680670198348,87.27956989247312,50000000.0,https://img.a.transfermarkt.technology/portrait/header/1005649-1709159139.jpg?lm=1,1.0,manual_alias,2026/27,Official Premier League squad list
974982.0,Ousmane Diomande,Ousmane Diomande,Nottingham Forest,Defender,Centre-Back,22.0,0.0,0.0,0.0,0.0,0.0,0.0,0.0,42000000.0,https://img.a.transfermarkt.technology/portrait/header/974982-1759778940.jpg?lm=1,1.0,exact,2026/27,Official Premier League squad list
365108.0,Dan Ndoye,Dan Ndoye,Nottingham Forest,Attack,Right Winger,25.0,24.0,1176.0,1.0,1.0,0.07653061224489796,0.07653061224489796,49.0,32000000.0,https://img.a.transfermarkt.technology/portrait/header/365108-1718218474.jpg?lm=1,1.0,exact,2026/27,Official Premier League squad list
392768.0,Callum Hudson-Odoi,Callum James Hudson-Odoi,Nottingham Forest,Attack,Left Winger,25.0,162.0,9203.0,20.0,20.0,0.1955883950885581,0.1955883950885581,56.80864197530864,30000000.0,https://img.a.transfermarkt.technology/portrait/header/392768-1659969850.png?lm=1,0.95,first_last,2026/27,Official Premier League squad list
610849.0,Liam Delap,Liam Rory Delap,Nottingham Forest,Attack,Centre-Forward,23.0,66.0,3756.0,13.0,3.0,0.31150159744408945,0.0718849840255591,56.90909090909091,28000000.0,https://img.a.transfermarkt.technology/portrait/header/610849-1746646306.jpg?lm=1,0.95,first_last,2026/27,Official Premier League squad list
503680.0,Neco Williams,Neco Shay Williams,Nottingham Forest,Defender,Left-Back,25.0,142.0,9794.0,4.0,8.0,0.036757198284664075,0.07351439656932815,68.97183098591549,28000000.0,https://img.a.transfermarkt.technology/portrait/header/503680-1705499825.jpg?lm=1,0.95,first_last,2026/27,Official Premier League squad list
413507.0,Nikola Milenković,Nikola Milenkovic,Nottingham Forest,Defender,Centre-Back,28.0,75.0,6705.0,5.0,2.0,0.06711409395973154,0.026845637583892617,89.4,28000000.0,https://img.a.transfermarkt.technology/portrait/header/413507-1661166461.jpg?lm=1,1.0,exact,2026/27,Official Premier League squad list
585959.0,Arnaud Kalimuendo,Arnaud Kalimuendo-Muinga,Nottingham Forest,Attack,Centre-Forward,24.0,9.0,88.0,0.0,0.0,0.0,0.0,9.777777777777779,25000000.0,https://img.a.transfermarkt.technology/portrait/header/585959-1666698479.jpg?lm=1,1.0,fuzzy_strong,2026/27,Official Premier League squad list
493003.0,Daniel Muñoz,Daniel Munoz Mejia,Nottingham Forest,Defender,Right-Back,30.0,82.0,7076.0,8.0,13.0,0.10175240248728094,0.16534765404183155,86.29268292682927,22000000.0,https://img.a.transfermarkt.technology/portrait/header/493003-1718642628.jpg?lm=1,1.0,manual_alias,2026/27,Official Premier League squad list
375885.0,Ibrahim Sangaré,Ibrahim Sangare,Nottingham Forest,Midfield,Defensive Midfield,28.0,58.0,3708.0,2.0,3.0,0.04854368932038834,0.07281553398058253,63.93103448275862,20000000.0,https://img.a.transfermarkt.technology/portrait/header/375885-1700738495.jpg?lm=1,1.0,exact,2026/27,Official Premier League squad list
583199.0,James McAtee,James John McAtee,Nottingham Forest,Midfield,Attacking Midfield,23.0,60.0,2459.0,6.0,4.0,0.21960146400976005,0.1464009760065067,40.983333333333334,18000000.0,https://img.a.transfermarkt.technology/portrait/header/583199-1770845444.jpg?lm=1,0.95,first_last,2026/27,Official Premier League squad list
236490.0,Ola Aina,Temitayo Olufisayo Olaoluwa Aina,Nottingham Forest,Defender,Right-Back,29.0,109.0,8987.0,5.0,3.0,0.05007232669411372,0.030043396016468233,82.44954128440367,18000000.0,https://img.a.transfermarkt.technology/portrait/header/236490-1707383919.jpg?lm=1,1.0,manual_alias,2026/27,Official Premier League squad list
497291.0,Nicolás Domínguez,Nicolas Martin Dominguez,Nottingham Forest,Midfield,Central Midfield,28.0,87.0,4651.0,3.0,4.0,0.058052031821113736,0.07740270909481832,53.45977011494253,15000000.0,https://img.a.transfermarkt.technology/portrait/header/497291-1767772056.jpg?lm=1,0.95,first_last,2026/27,Official Premier League squad list
708072.0,Nicolò Savona,Nicolo Savona,Nottingham Forest,Defender,Right-Back,23.0,14.0,1026.0,2.0,0.0,0.17543859649122806,0.0,73.28571428571429,15000000.0,https://img.a.transfermarkt.technology/portrait/header/708072-1730125797.jpg?lm=1,1.0,exact,2026/27,Official Premier League squad list
223979.0,Xaver Schlager,Xaver Schlager,Nottingham Forest,Midfield,Central Midfield,28.0,0.0,0.0,0.0,0.0,0.0,0.0,0.0,10000000.0,https://img.a.transfermarkt.technology/portrait/header/223979-1771940097.jpg?lm=1,1.0,exact,2026/27,Official Premier League squad list
524285.0,Luca Netz,Luca Netz,Nottingham Forest,Defender,Left-Back,23.0,7.0,355.0,0.0,0.0,0.0,0.0,50.714285714285715,8000000.0,https://img.a.transfermarkt.technology/portrait/header/524285-1760967382.jpg?lm=1,1.0,exact,2026/27,Official Premier League squad list
425902.0,Ryan Yates,Ryan James Yates,Nottingham Forest,Midfield,Central Midfield,28.0,118.0,6332.0,3.0,6.0,0.04264055590650663,0.08528111181301326,53.66101694915254,7000000.0,https://img.a.transfermarkt.technology/portrait/header/425902-1684239778.jpg?lm=1,0.95,first_last,2026/27,Official Premier League squad list
108725.0,Chris Wood,Christopher Grant Wood,Nottingham Forest,Attack,Centre-Forward,34.0,275.0,18750.0,92.0,11.0,0.4416,0.0528,68.18181818181819,5000000.0,https://img.a.transfermarkt.technology/portrait/header/108725-1740646786.jpg?lm=1,1.0,fuzzy_strong,2026/27,Official Premier League squad list
432914.0,John Victor,John Victor Maciel Furtado,Nottingham Forest,Goalkeeper,Goalkeeper,30.0,5.0,438.0,0.0,0.0,0.0,0.0,87.6,5000000.0,https://img.a.transfermarkt.technology/portrait/header/432914-1734107350.jpg?lm=1,1.0,manual_alias,2026/27,Official Premier League squad list
127202.0,Matz Sels,Matz Willy Els Sels,Nottingham Forest,Goalkeeper,Goalkeeper,34.0,85.0,7527.0,0.0,0.0,0.0,0.0,88.55294117647058,3500000.0,https://img.a.transfermarkt.technology/portrait/header/127202-1665067633.jpg?lm=1,0.95,first_last,2026/27,Official Premier League squad list
381469.0,Steven Benda,Steven-Andreas Benda,Nottingham Forest,Goalkeeper,Goalkeeper,27.0,0.0,0.0,0.0,0.0,0.0,0.0,0.0,1000000.0,https://img.a.transfermarkt.technology/portrait/header/381469-1737920445.jpg?lm=1,0.95,first_last,2026/27,Official Premier League squad list
908236.0,Felipe Silva,Felipe Rodrigues Da Silva,Nottingham Forest,Defender,Centre-Back,24.0,0.0,0.0,0.0,0.0,0.0,0.0,0.0,550000.0,https://img.a.transfermarkt.technology/portrait/header/908236-1710239033.jpg?lm=1,0.95,first_last,2026/27,Official Premier League squad list
337670.0,Alessio Da Cruz,Igor Jesus Maciel Da Cruz,Nottingham Forest,Attack,Second Striker,29.0,0.0,0.0,0.0,0.0,0.0,0.0,0.0,450000.0,https://img.a.transfermarkt.technology/portrait/header/337670-1598870070.jpg?lm=1,0.94,fuzzy_strong,2026/27,Official Premier League squad list
855282.0,Aaron Bott,Aaron Charlie Bott,Nottingham Forest,Goalkeeper,Goalkeeper,22.0,0.0,0.0,0.0,0.0,0.0,0.0,0.0,,https://img.a.transfermarkt.technology/portrait/header/default.jpg?lm=1,0.95,first_last,2026/27,Official Premier League squad list
876631.0,Habib Diarra,Mouhamadou Habib Diarra,Sunderland,Midfield,Central Midfield,22.0,20.0,1409.0,2.0,3.0,0.127750177430802,0.19162526614620298,70.45,35000000.0,https://img.a.transfermarkt.technology/portrait/header/876631-1765811931.jpg?lm=1,1.0,manual_alias,2026/27,Official Premier League squad list
727089.0,Noah Sadiki,Noah Junior Sadiki,Sunderland,Midfield,Central Midfield,21.0,33.0,2896.0,0.0,1.0,0.0,0.03107734806629834,87.75757575757575,35000000.0,https://img.a.transfermarkt.technology/portrait/header/727089-1767005980.jpg?lm=1,0.95,first_last,2026/27,Official Premier League squad list
473169.0,Brian Brobbey,Brian Ebenezer Adjai Brobbey,Sunderland,Attack,Centre-Forward,24.0,31.0,1934.0,7.0,1.0,0.32574974146845914,0.04653567735263703,62.38709677419355,30000000.0,https://img.a.transfermarkt.technology/portrait/header/473169-1718013901.jpg?lm=1,0.95,first_last,2026/27,Official Premier League squad list
633992.0,Enzo Le Fée,Enzo Jeremy Le Fee,Sunderland,Midfield,Central Midfield,26.0,36.0,2936.0,5.0,6.0,0.15326975476839236,0.18392370572207084,81.55555555555556,28000000.0,https://img.a.transfermarkt.technology/portrait/header/633992-1764837815.jpg?lm=1,0.95,first_last,2026/27,Official Premier League squad list
646991.0,Robin Roefs,Robin Gerardus Petrus Roefs,Sunderland,Goalkeeper,Goalkeeper,23.0,35.0,3150.0,0.0,0.0,0.0,0.0,90.0,28000000.0,https://img.a.transfermarkt.technology/portrait/header/646991-1723035894.jpg?lm=1,0.95,first_last,2026/27,Official Premier League squad list
515544.0,Trai Hume,Trai Hume,Sunderland,Defender,Right-Back,24.0,38.0,3039.0,2.0,1.0,0.059230009871668314,0.029615004935834157,79.97368421052632,22000000.0,https://img.a.transfermarkt.technology/portrait/header/515544-1748348258.jpg?lm=1,1.0,exact,2026/27,Official Premier League squad list
503686.0,Dan Ballard,Daniel George Ballard,Sunderland,Defender,Centre-Back,26.0,29.0,2148.0,2.0,2.0,0.08379888268156424,0.08379888268156424,74.06896551724138,20000000.0,https://img.a.transfermarkt.technology/portrait/header/503686-1748347870.jpg?lm=1,1.0,fuzzy_strong,2026/27,Official Premier League squad list
263236.0,Kevin Danso,Kevin Danso,Sunderland,Defender,Centre-Back,28.0,40.0,2610.0,0.0,1.0,0.0,0.034482758620689655,65.25,20000000.0,https://img.a.transfermarkt.technology/portrait/header/263236-1691217955.png?lm=1,1.0,exact,2026/27,Official Premier League squad list
494237.0,Wilson Isidor,Wilson Isidor,Sunderland,Attack,Centre-Forward,26.0,32.0,1159.0,6.0,0.0,0.4659188955996548,0.0,36.21875,18000000.0,https://img.a.transfermarkt.technology/portrait/header/494237-1739871086.jpg?lm=1,1.0,exact,2026/27,Official Premier League squad list
903611.0,Nilson Angulo,Nilson David Angulo Ramirez,Sunderland,Attack,Left Winger,23.0,8.0,406.0,0.0,0.0,0.0,0.0,50.75,17000000.0,https://img.a.transfermarkt.technology/portrait/header/903611-1749390009.jpg?lm=1,1.0,manual_alias,2026/27,Official Premier League squad list
348026.0,Nordi Mukiele,Nordi Mukiele Mulere,Sunderland,Defender,Right-Back,28.0,32.0,2787.0,3.0,4.0,0.0968783638320775,0.12917115177610333,87.09375,16000000.0,https://img.a.transfermarkt.technology/portrait/header/348026-1727378130.jpg?lm=1,1.0,fuzzy_strong,2026/27,Official Premier League squad list
111455.0,Granit Xhaka,Granit Xhaka,Sunderland,Midfield,Defensive Midfield,33.0,259.0,21606.0,18.0,30.0,0.07497917245209663,0.12496528742016107,83.42084942084942,8000000.0,https://img.a.transfermarkt.technology/portrait/header/111455-1689711080.jpg?lm=1,1.0,exact,2026/27,Official Premier League squad list
696181.0,Romaine Mundle,Romaine Lee Mundle,Sunderland,Attack,Left Winger,23.0,14.0,401.0,0.0,0.0,0.0,0.0,28.642857142857142,7000000.0,https://img.a.transfermarkt.technology/portrait/header/696181-1748348552.jpg?lm=1,0.95,first_last,2026/27,Official Premier League squad list
240692.0,Reinildo Mandava,Reinildo Isnard Mandava,Sunderland,Defender,Left-Back,32.0,25.0,1969.0,0.0,2.0,0.0,0.0914169629253428,78.76,4000000.0,https://img.a.transfermarkt.technology/portrait/header/240692-1666818500.jpg?lm=1,0.95,first_last,2026/27,Official Premier League squad list
605426.0,Melker Ellborg,Melker Ake Ellborg,Sunderland,Goalkeeper,Goalkeeper,23.0,3.0,270.0,0.0,0.0,0.0,0.0,90.0,3000000.0,https://img.a.transfermarkt.technology/portrait/header/605426-1740563649.jpg?lm=1,0.95,first_last,2026/27,Official Premier League squad list
654412.0,Abdoullah Ba,Abdoullah Mustapha Ba,Sunderland,Midfield,Right Midfield,23.0,0.0,0.0,0.0,0.0,0.0,0.0,0.0,1500000.0,https://img.a.transfermarkt.technology/portrait/header/654412-1635852545.jpg?lm=1,0.95,first_last,2026/27,Official Premier League squad list
100986.0,Thomas Meunier,Thomas Andre Meunier,Sunderland,Defender,Right-Back,35.0,0.0,0.0,0.0,0.0,0.0,0.0,0.0,1500000.0,https://img.a.transfermarkt.technology/portrait/header/100986-1783005936.jpg?lm=1,0.95,first_last,2026/27,Official Premier League squad list
502065.0,Aji Alese,Ajibola Joshua Odunayo Alese,Sunderland,Defender,Centre-Back,25.0,0.0,0.0,0.0,0.0,0.0,0.0,0.0,1200000.0,https://img.a.transfermarkt.technology/portrait/header/502065-1544622088.jpg?lm=1,0.9981818181818183,fuzzy_strong,2026/27,Official Premier League squad list
282939.0,Luke O'Nien,Luke Terry O'Nien,Sunderland,Defender,Centre-Back,31.0,12.0,564.0,0.0,1.0,0.0,0.1595744680851064,47.0,700000.0,https://img.a.transfermarkt.technology/portrait/header/282939-1724770104.jpg?lm=1,0.95,first_last,2026/27,Official Premier League squad list
285810.0,Omar Fernández,Omar Federico Alderete Fernandez,Sunderland,Attack,Left Winger,33.0,0.0,0.0,0.0,0.0,0.0,0.0,0.0,500000.0,https://img.a.transfermarkt.technology/portrait/header/285810-1659975038.jpg?lm=1,0.95,first_last,2026/27,Official Premier League squad list
123536.0,Simon Moore,Simon William Moore,Sunderland,Goalkeeper,Goalkeeper,36.0,2.0,180.0,0.0,0.0,0.0,0.0,90.0,75000.0,https://img.a.transfermarkt.technology/portrait/header/123536-1663853542.jpg?lm=1,0.95,first_last,2026/27,Official Premier League squad list
,Alan Browne,Alan Browne,Sunderland,Unknown,,,0.0,0.0,0.0,0.0,0.0,0.0,0.0,,,0.0,missing,2026/27,Official Premier League squad list
397033.0,Sandro Tonali,Sandro Tonali,Tottenham Hotspur,Midfield,Defensive Midfield,26.0,79.0,5614.0,5.0,4.0,0.08015675097969362,0.0641254007837549,71.0632911392405,80000000.0,https://img.a.transfermarkt.technology/portrait/header/397033-1688389270.jpg?lm=1,1.0,exact,2026/27,Official Premier League squad list
880245.0,Mateus Fernandes,Mateus Goncalo Espanha Fernandes,Tottenham Hotspur,Midfield,Central Midfield,22.0,72.0,5948.0,5.0,8.0,0.07565568258238063,0.121049092131809,82.61111111111111,50000000.0,https://img.a.transfermarkt.technology/portrait/header/880245-1727786403.jpg?lm=1,0.95,first_last,2026/27,Official Premier League squad list
557459.0,Micky van de Ven,Micky Van De Ven,Tottenham Hotspur,Defender,Centre-Back,25.0,75.0,6404.0,7.0,3.0,0.09837601499063085,0.042161149281698944,85.38666666666667,50000000.0,https://img.a.transfermarkt.technology/portrait/header/557459-1744313600.jpg?lm=1,1.0,exact,2026/27,Official Premier League squad list
543499.0,Mohammed Kudus,Mohammed Kudus,Tottenham Hotspur,Attack,Right Winger,26.0,84.0,6638.0,15.0,15.0,0.2033745103946972,0.2033745103946972,79.02380952380952,50000000.0,https://img.a.transfermarkt.technology/portrait/header/543499-1668429218.jpg?lm=1,1.0,exact,2026/27,Official Premier League squad list
445939.0,Omar Marmoush,Omar Khaled Marmoush,Tottenham Hotspur,Attack,Centre-Forward,27.0,37.0,1882.0,10.0,5.0,0.4782146652497343,0.23910733262486716,50.86486486486486,50000000.0,https://img.a.transfermarkt.technology/portrait/header/445939-1747656490.jpg?lm=1,0.95,first_last,2026/27,Official Premier League squad list
576314.0,Jan Paul van Hecke,Jan-Paul van Hecke,Tottenham Hotspur,Defender,Centre-Back,26.0,106.0,8832.0,4.0,4.0,0.04076086956521739,0.04076086956521739,83.32075471698113,45000000.0,https://img.a.transfermarkt.technology/portrait/header/576314-1742501220.jpg?lm=1,1.0,exact,2026/27,Official Premier League squad list
566931.0,Xavi Simons,Xavi Quentin Shay Simons,Tottenham Hotspur,Midfield,Attacking Midfield,23.0,28.0,1757.0,2.0,5.0,0.10244735344336939,0.25611838360842343,62.75,40000000.0,https://img.a.transfermarkt.technology/portrait/header/566931-1729778226.jpg?lm=1,0.95,first_last,2026/27,Official Premier League squad list
743591.0,Savinho,Savio Moreira De Oliveira,Tottenham Hotspur,Attack,Left Winger,22.0,53.0,2593.0,2.0,12.0,0.06941766293868107,0.4165059776320864,48.924528301886795,35000000.0,https://img.a.transfermarkt.technology/portrait/header/743591-1751367497.jpg?lm=1,1.0,manual_alias,2026/27,Official Premier League squad list
488362.0,Conor Gallagher,Conor Gallagher,Tottenham Hotspur,Midfield,Central Midfield,26.0,118.0,8475.0,11.0,11.0,0.11681415929203538,0.11681415929203538,71.82203389830508,32000000.0,https://img.a.transfermarkt.technology/portrait/header/488362-1668500476.jpg?lm=1,1.0,exact,2026/27,Official Premier League squad list
556385.0,Destiny Udogie,Iyenoma Destiny Udogie,Tottenham Hotspur,Defender,Left-Back,23.0,73.0,5672.0,2.0,5.0,0.03173483779971791,0.07933709449929478,77.6986301369863,30000000.0,https://img.a.transfermarkt.technology/portrait/header/556385-1697208468.jpg?lm=1,1.0,fuzzy_strong,2026/27,Official Premier League squad list
258889.0,Dominic Solanke,Dominic Ayodele Solanke-Mitchell,Tottenham Hotspur,Attack,Centre-Forward,29.0,176.0,11980.0,41.0,16.0,0.3080133555926544,0.12020033388981637,68.06818181818181,28000000.0,https://img.a.transfermarkt.technology/portrait/header/258889-1708340487.jpg?lm=1,1.0,manual_alias,2026/27,Official Premier League squad list
469781.0,Marcos Senesi,Marcos Nicolas Senesi Baron,Tottenham Hotspur,Defender,Centre-Back,29.0,116.0,9139.0,6.0,10.0,0.059087427508480145,0.09847904584746689,78.78448275862068,25000000.0,https://img.a.transfermarkt.technology/portrait/header/469781-1738824319.jpg?lm=1,1.0,manual_alias,2026/27,Official Premier League squad list
294057.0,James Maddison,James Maddison,Tottenham Hotspur,Midfield,Attacking Midfield,29.0,225.0,16541.0,56.0,50.0,0.30469741853575966,0.2720512665497854,73.51555555555555,20000000.0,https://img.a.transfermarkt.technology/portrait/header/294057-1687982662.jpg?lm=1,1.0,exact,2026/27,Official Premier League squad list
354362.0,Rodrigo Bentancur,Rodrigo Bentancur,Tottenham Hotspur,Midfield,Defensive Midfield,29.0,110.0,7423.0,9.0,8.0,0.10912030176478513,0.09699582379092012,67.48181818181818,20000000.0,https://img.a.transfermarkt.technology/portrait/header/354362-1740605779.jpg?lm=1,1.0,exact,2026/27,Official Premier League squad list
537860.0,Mykhaylo Mudryk,Mykhailo Mudryk,Tottenham Hotspur,Attack,Left Winger,25.0,53.0,2380.0,5.0,4.0,0.18907563025210083,0.1512605042016807,44.905660377358494,18000000.0,https://img.a.transfermarkt.technology/portrait/header/537860-1732822624.jpg?lm=1,1.0,fuzzy_strong,2026/27,Official Premier League squad list
743498.0,Wilson Odobert,Wilson Serge Eric Odobert,Tottenham Hotspur,Attack,Left Winger,21.0,69.0,3938.0,4.0,5.0,0.0914169629253428,0.11427120365667852,57.072463768115945,18000000.0,https://img.a.transfermarkt.technology/portrait/header/743498-1740605858.jpg?lm=1,0.95,first_last,2026/27,Official Premier League squad list
431755.0,Dejan Kulusevski,Dejan Kulusevski,Tottenham Hotspur,Midfield,Attacking Midfield,26.0,116.0,8503.0,22.0,22.0,0.2328589909443726,0.2328589909443726,73.30172413793103,17000000.0,https://img.a.transfermarkt.technology/portrait/header/431755-1684943454.jpg?lm=1,1.0,exact,2026/27,Official Premier League squad list
258878.0,Tosin Adarabioyo,Abdul-Nasir Oluwatosin Adarabioyo,Tottenham Hotspur,Defender,Centre-Back,28.0,116.0,8849.0,4.0,1.0,0.040682563001469094,0.010170640750367273,76.28448275862068,16000000.0,https://img.a.transfermarkt.technology/portrait/header/258878-1646903871.jpg?lm=1,1.0,manual_alias,2026/27,Official Premier League squad list
725912.0,Antonín Kinský,Antonin Kinsky,Tottenham Hotspur,Goalkeeper,Goalkeeper,23.0,13.0,1170.0,0.0,0.0,0.0,0.0,90.0,15000000.0,https://img.a.transfermarkt.technology/portrait/header/725912-1766160431.jpg?lm=1,1.0,exact,2026/27,Official Premier League squad list
234803.0,Andrew Robertson,Andrew Robertson,Tottenham Hotspur,Defender,Left-Back,32.0,332.0,26411.0,12.0,60.0,0.040892052553860136,0.20446026276930068,79.5512048192771,7000000.0,https://img.a.transfermarkt.technology/portrait/header/234803-1709147379.jpg?lm=1,1.0,exact,2026/27,Official Premier League squad list
192765.0,Ben Davies,Benjamin Thomas Davies,Tottenham Hotspur,Defender,Centre-Back,33.0,316.0,24155.0,11.0,20.0,0.04098530324984476,0.07451873318153591,76.43987341772151,3000000.0,https://img.a.transfermarkt.technology/portrait/header/192765-1668520095.jpg?lm=1,1.0,exact,2026/27,Official Premier League squad list
428016.0,Brandon Austin,Brandon Anthony Austin,Tottenham Hotspur,Goalkeeper,Goalkeeper,27.0,1.0,90.0,0.0,0.0,0.0,0.0,90.0,500000.0,https://img.a.transfermarkt.technology/portrait/header/428016-1737735261.jpg?lm=1,0.95,first_last,2026/27,Official Premier League squad list
74960.0,Martin Dúbravka,Martin Dubravka,Tottenham Hotspur,Goalkeeper,Goalkeeper,37.0,197.0,17620.0,0.0,0.0,0.0,0.0,89.44162436548223,500000.0,https://img.a.transfermarkt.technology/portrait/header/74960-1700237195.jpg?lm=1,1.0,exact,2026/27,Official Premier League squad list
670878.0,Jacob Knightbridge,Jacob Christopher Knightbridge,Tottenham Hotspur,Goalkeeper,Goalkeeper,22.0,0.0,0.0,0.0,0.0,0.0,0.0,0.0,,https://img.a.transfermarkt.technology/portrait/header/670878-1713473026.jpg?lm=1,0.95,first_last,2026/27,Official Premier League squad list
765068.0,Pedro Antonio Rodriguez,Pedro Antonio Porro Sauceda,Tottenham Hotspur,Goalkeeper,Goalkeeper,20.0,0.0,0.0,0.0,0.0,0.0,0.0,0.0,,https://img.a.transfermarkt.technology/portrait/header/default.jpg?lm=1,0.9999999999999999,fuzzy_strong,2026/27,Official Premier League squad list
